-- phpMyAdmin SQL Dump
-- version 4.1.8
-- http://www.phpmyadmin.net
--
-- Host: localhost
-- Generation Time: Dec 23, 2014 at 04:49 AM
-- Server version: 5.1.73-cll
-- PHP Version: 5.4.23

SET SQL_MODE = "NO_AUTO_VALUE_ON_ZERO";
SET time_zone = "+00:00";


/*!40101 SET @OLD_CHARACTER_SET_CLIENT=@@CHARACTER_SET_CLIENT */;
/*!40101 SET @OLD_CHARACTER_SET_RESULTS=@@CHARACTER_SET_RESULTS */;
/*!40101 SET @OLD_COLLATION_CONNECTION=@@COLLATION_CONNECTION */;
/*!40101 SET NAMES utf8 */;

--
-- Database: `techiest_all_pushnotification`
--

-- --------------------------------------------------------

--
-- Table structure for table `AppDevices`
--

CREATE TABLE IF NOT EXISTS `AppDevices` (
  `AppDeviceId` int(11) NOT NULL AUTO_INCREMENT,
  `AppId` int(32) NOT NULL,
  `DeviceId` int(32) NOT NULL,
  `DeviceActive` tinyint(1) NOT NULL DEFAULT '1',
  `DateAdded` timestamp NOT NULL DEFAULT CURRENT_TIMESTAMP,
  `DateUpdated` timestamp NOT NULL DEFAULT '0000-00-00 00:00:00',
  `LaunchCount` int(11) NOT NULL,
  PRIMARY KEY (`AppDeviceId`),
  KEY `AppId` (`AppId`),
  KEY `DeviceId` (`DeviceId`),
  KEY `DeviceEnabled` (`DeviceActive`)
) ENGINE=InnoDB  DEFAULT CHARSET=utf8 COLLATE=utf8_unicode_ci AUTO_INCREMENT=21 ;

--
-- Dumping data for table `AppDevices`
--

INSERT INTO `AppDevices` (`AppDeviceId`, `AppId`, `DeviceId`, `DeviceActive`, `DateAdded`, `DateUpdated`, `LaunchCount`) VALUES
(1, 2, 1, 1, '2014-04-11 19:57:51', '2014-04-26 14:48:20', 25),
(2, 2, 2, 1, '2014-04-11 20:29:16', '2014-04-12 05:59:51', 1),
(3, 2, 3, 1, '2014-04-11 22:12:54', '2014-05-27 19:57:18', 36),
(4, 2, 4, 1, '2014-04-15 10:59:22', '2014-04-20 09:05:28', 4),
(5, 3, 5, 1, '2014-07-24 12:12:23', '2014-07-24 12:12:23', 0),
(6, 3, 6, 1, '2014-07-24 12:12:54', '2014-07-29 19:10:03', 47),
(7, 3, 7, 1, '2014-07-28 14:40:36', '2014-08-20 14:24:08', 31),
(8, 3, 8, 1, '2014-08-04 10:36:24', '2014-08-04 10:36:24', 0),
(9, 3, 9, 1, '2014-08-06 18:56:40', '2014-08-21 17:03:43', 19),
(10, 6, 14, 1, '2014-10-16 09:30:52', '2014-10-17 20:16:59', 22),
(11, 6, 15, 1, '2014-10-16 22:12:58', '2014-10-18 07:52:36', 7),
(12, 6, 16, 1, '2014-10-17 11:54:56', '2014-10-17 19:35:56', 2),
(13, 6, 17, 1, '2014-10-17 21:31:37', '2014-10-17 21:31:37', 0),
(14, 6, 18, 1, '2014-10-18 15:35:40', '2014-10-20 14:33:57', 20),
(15, 6, 19, 1, '2014-10-20 18:41:13', '2014-12-10 18:20:44', 20),
(16, 6, 20, 1, '2014-10-20 22:23:07', '2014-10-20 23:12:30', 1),
(17, 6, 21, 1, '2014-10-20 23:08:06', '2014-10-20 23:08:06', 0),
(18, 6, 22, 1, '2014-10-22 16:05:08', '2014-10-22 16:05:08', 0),
(19, 6, 23, 1, '2014-10-27 10:02:24', '2014-10-27 10:02:24', 0),
(20, 6, 24, 1, '2014-12-09 16:54:49', '2014-12-09 19:06:33', 3);

-- --------------------------------------------------------

--
-- Table structure for table `AppDeviceSubscriptions`
--

CREATE TABLE IF NOT EXISTS `AppDeviceSubscriptions` (
  `AppDeviceSubscriptionId` int(11) NOT NULL AUTO_INCREMENT,
  `DeviceId` int(11) NOT NULL,
  `AppSubscriptionId` int(11) NOT NULL,
  `DateAdded` timestamp NOT NULL DEFAULT CURRENT_TIMESTAMP,
  `DateUpdated` timestamp NOT NULL DEFAULT '0000-00-00 00:00:00',
  `SubscriptionEnabled` tinyint(1) NOT NULL,
  PRIMARY KEY (`AppDeviceSubscriptionId`)
) ENGINE=MyISAM  DEFAULT CHARSET=utf8 COLLATE=utf8_unicode_ci AUTO_INCREMENT=2 ;

-- --------------------------------------------------------

--
-- Table structure for table `Apps`
--

CREATE TABLE IF NOT EXISTS `Apps` (
  `AppId` int(32) NOT NULL AUTO_INCREMENT,
  `AppName` varchar(255) COLLATE utf8_unicode_ci NOT NULL,
  `vProjectName` varchar(255) COLLATE utf8_unicode_ci NOT NULL,
  `DateAdded` timestamp NOT NULL DEFAULT CURRENT_TIMESTAMP,
  `tGoogleApi` text COLLATE utf8_unicode_ci NOT NULL,
  PRIMARY KEY (`AppId`),
  KEY `DateAdded` (`DateAdded`)
) ENGINE=InnoDB  DEFAULT CHARSET=utf8 COLLATE=utf8_unicode_ci AUTO_INCREMENT=9 ;

--
-- Dumping data for table `Apps`
--

INSERT INTO `Apps` (`AppId`, `AppName`, `vProjectName`, `DateAdded`, `tGoogleApi`) VALUES
(1, 'EMERGENCYCALL', 'VIDEOBLOG', '2012-10-24 17:00:00', ''),
(2, 'CK', 'ANGOLOSPIZZARIA', '2014-04-11 14:30:35', 'AIzaSyCD0WbTWj8Fcg_eOfl01fJh9ETbAiifUu8'),
(3, 'CK_TAXICHOFER', 'TAXICHOFER', '2014-07-24 14:30:35', 'AIzaSyDXGYp_VIMCG37njeQu1PLJI3iqfjKHUQ8'),
(4, 'Softaula', 'SOFTAULA', '2014-09-05 04:00:00', 'AIzaSyAeAxV9ojwibwleb77dtcLqtnyBZ9scbwg'),
(5, 'Sapp', 'SAPP', '2014-09-05 04:00:00', 'AIzaSyApt6nmlbvVMuINtFmYOGN3NnE14u_xkeQ'),
(6, 'Vidalta', 'VIDALTA', '2014-10-15 09:13:37', 'AIzaSyDwl0bXMoTFfGm4L0ACbMMXSHTjDA6b2Y0'),
(7, 'LUX', 'LUX', '2014-10-31 04:00:00', 'AIzaSyAz1H7Oy245vXcLtYLxDBMuHmdx15BOb24'),
(8, 'Sushiapp', 'SUSHIITTO', '2014-12-10 21:06:51', 'AIzaSyB3o3nyehMer162gFjyLZNDBAYxWCWeJN4');

-- --------------------------------------------------------

--
-- Table structure for table `AppSubscriptions`
--

CREATE TABLE IF NOT EXISTS `AppSubscriptions` (
  `AppSubscriptionId` int(11) NOT NULL AUTO_INCREMENT,
  `AppId` int(11) NOT NULL,
  `SubscriptionName` text COLLATE utf8_unicode_ci NOT NULL,
  PRIMARY KEY (`AppSubscriptionId`)
) ENGINE=InnoDB DEFAULT CHARSET=utf8 COLLATE=utf8_unicode_ci AUTO_INCREMENT=1 ;

-- --------------------------------------------------------

--
-- Table structure for table `Certificates`
--

CREATE TABLE IF NOT EXISTS `Certificates` (
  `CertificateId` int(11) NOT NULL AUTO_INCREMENT,
  `CertificateName` varchar(200) COLLATE utf8_unicode_ci NOT NULL,
  `AppId` int(11) NOT NULL,
  `KeyCertFile` varchar(100) COLLATE utf8_unicode_ci NOT NULL,
  `Passphrase` varchar(100) COLLATE utf8_unicode_ci NOT NULL,
  `CertificateTypeId` int(11) NOT NULL,
  PRIMARY KEY (`CertificateId`)
) ENGINE=InnoDB  DEFAULT CHARSET=utf8 COLLATE=utf8_unicode_ci AUTO_INCREMENT=7 ;

--
-- Dumping data for table `Certificates`
--

INSERT INTO `Certificates` (`CertificateId`, `CertificateName`, `AppId`, `KeyCertFile`, `Passphrase`, `CertificateTypeId`) VALUES
(1, 'EmergencyCall-Test', 1, 'ck_videoblog.pem', '123123', 1),
(2, 'EmergencyCall-Test', 2, 'ck.pem', '123123', 1),
(3, 'EmergencyCall-Test', 3, 'taxichofer.pem', '123123', 1),
(4, 'EmergencyCall-Test', 4, 'saftaula.pem', '123123', 1),
(5, 'EmergencyCall-Test', 5, 'sapp.pem', '123123', 1),
(6, 'EmergencyCall-Test', 6, 'vidalta.pem', '123123', 1);

-- --------------------------------------------------------

--
-- Table structure for table `CertificateServer`
--

CREATE TABLE IF NOT EXISTS `CertificateServer` (
  `CertificateServerId` int(11) NOT NULL AUTO_INCREMENT,
  `CertificateId` int(11) NOT NULL,
  `ServerId` int(11) NOT NULL,
  PRIMARY KEY (`CertificateServerId`)
) ENGINE=InnoDB  DEFAULT CHARSET=utf8 COLLATE=utf8_unicode_ci AUTO_INCREMENT=7 ;

--
-- Dumping data for table `CertificateServer`
--

INSERT INTO `CertificateServer` (`CertificateServerId`, `CertificateId`, `ServerId`) VALUES
(1, 1, 1),
(2, 2, 1),
(3, 3, 1),
(4, 4, 1),
(5, 5, 1),
(6, 6, 1);

-- --------------------------------------------------------

--
-- Table structure for table `CertificateTypes`
--

CREATE TABLE IF NOT EXISTS `CertificateTypes` (
  `CertificateTypeId` int(11) NOT NULL AUTO_INCREMENT,
  `CertificateTypeName` varchar(100) COLLATE utf8_unicode_ci NOT NULL,
  PRIMARY KEY (`CertificateTypeId`)
) ENGINE=InnoDB  DEFAULT CHARSET=utf8 COLLATE=utf8_unicode_ci AUTO_INCREMENT=5 ;

--
-- Dumping data for table `CertificateTypes`
--

INSERT INTO `CertificateTypes` (`CertificateTypeId`, `CertificateTypeName`) VALUES
(1, 'Development Push SSL Certificate'),
(2, 'Production Push SSL Certificate'),
(3, 'Development Feedback SSL Certificate'),
(4, 'Production Feedback SSL Certificate');

-- --------------------------------------------------------

--
-- Table structure for table `Devices`
--

CREATE TABLE IF NOT EXISTS `Devices` (
  `DeviceId` int(32) NOT NULL AUTO_INCREMENT,
  `DeviceToken` varchar(71) COLLATE utf8_unicode_ci NOT NULL,
  `DateAdded` timestamp NOT NULL DEFAULT CURRENT_TIMESTAMP,
  `IsTestDevice` tinyint(1) NOT NULL,
  `DeviceNotes` varchar(100) COLLATE utf8_unicode_ci NOT NULL,
  PRIMARY KEY (`DeviceId`),
  KEY `DeviceToken` (`DeviceToken`),
  KEY `DeviceToken_test` (`DeviceToken`,`IsTestDevice`)
) ENGINE=InnoDB  DEFAULT CHARSET=utf8 COLLATE=utf8_unicode_ci AUTO_INCREMENT=25 ;

--
-- Dumping data for table `Devices`
--

INSERT INTO `Devices` (`DeviceId`, `DeviceToken`, `DateAdded`, `IsTestDevice`, `DeviceNotes`) VALUES
(1, '4c6208fc7e842ecab1ef888afab464450e737902e2dda81102ab4a356c1e7d1a', '2014-04-11 15:57:51', 0, ''),
(2, '8b1071dbbb669c1d8ee98b790830552ba869cdd0014f50fc0c349ee7124418ca', '2014-04-11 16:29:16', 0, ''),
(3, 'e7533364479a9606179435516c60ef8ab1eee5299149f7069840146f9b50de9c', '2014-04-11 18:12:54', 0, ''),
(4, '4dd11aa30cc24f87b1632ab6e2c651d0e895d027e1d314c3f887767cdfa375e5', '2014-04-15 06:59:22', 0, ''),
(5, 'asdfg', '2014-07-24 08:12:23', 0, ''),
(6, 'rtyuh', '2014-07-24 08:12:54', 0, ''),
(7, '818e224a37eaa442dd265f745226c517bc169b3d522ff2f44d251f1e87085ea0', '2014-07-28 10:40:36', 0, ''),
(8, 'aaaaaaaaaaaaaaaaaaa', '2014-08-04 06:36:24', 0, ''),
(9, '05cf64fb1755ac61ea364a2947eef11d571276b2292553bc8e599fb92a8190bd', '2014-08-06 14:56:40', 0, ''),
(10, 'APA91bGioqRdzq96X1MooQ-N2ElaH3EOm2xgd5SpaSbBI2XlN7_4W1_InOXZpCWRiNS71Ym', '2014-10-15 13:07:52', 0, ''),
(11, 'APA91bGioqRdzq96X1MooQ-N2ElaH3EOm2xgd5SpaSbBI2XlN7_4W1_InOXZpCWRiNS71Ym', '2014-10-15 13:08:11', 0, ''),
(12, 'APA91bGioqRdzq96X1MooQ-N2ElaH3EOm2xgd5SpaSbBI2XlN7_4W1_InOXZpCWRiNS71Ym', '2014-10-15 13:08:27', 0, ''),
(13, 'APA91bGioqRdzq96X1MooQ-N2ElaH3EOm2xgd5SpaSbBI2XlN7_4W1_InOXZpCWRiNS71Ym', '2014-10-15 13:12:07', 0, ''),
(14, '4e341c93d0ce4c6132b87d647dd867d8758ea2e3f51a8619fa686228767ff109', '2014-10-16 05:30:52', 0, ''),
(15, '3a6e8fe45e99e4db5f0d20c936407c32608a0cf2c106e3ff306c14ffb10d756d', '2014-10-16 18:12:58', 0, ''),
(16, '572d9d5f936da01df3283925252a1ef1aba6cdb0d04d2808aafa4a8fcac808df', '2014-10-17 07:54:56', 0, ''),
(17, 'e9ac4f7b02badd1aca06a53031b2e9eb31e13ebf62477951bbb918027933b816', '2014-10-17 17:31:37', 0, ''),
(18, '9ba0a4a35d23eaeeaff63f3441065d8119a53b20b06176a0eb564ba76eddc37f', '2014-10-18 11:35:40', 0, ''),
(19, '61b35252814963f7550fb3cdcb0ddb2259376fef9aca457ddc0c92c7f11ad723', '2014-10-20 14:41:13', 0, ''),
(20, '97fa6201f685ffcbbf6fffd77b2b68793f36a85006ae68f690719a4adb11dd6d', '2014-10-20 18:23:07', 0, ''),
(21, 'e9ed2c996067a58c313cd435f1549aa8adc9c81680728fa2615c01cc2a7f1cff', '2014-10-20 19:08:06', 0, ''),
(22, '10101AB', '2014-10-22 12:05:08', 0, ''),
(23, '456456456', '2014-10-27 06:02:24', 0, ''),
(24, '33a7982d160e4059d4f9bd8aa2a24f9cfe6bf42f4698e77bbfd0aff57a7e4f73', '2014-12-09 11:54:49', 0, '');

-- --------------------------------------------------------

--
-- Table structure for table `FeedDevices`
--

CREATE TABLE IF NOT EXISTS `FeedDevices` (
  `FeedDeviceId` int(11) NOT NULL AUTO_INCREMENT,
  `FeedId` int(11) NOT NULL,
  `AppDeviceId` int(11) NOT NULL,
  `DateAdded` timestamp NOT NULL DEFAULT CURRENT_TIMESTAMP,
  `DateUpdated` timestamp NOT NULL DEFAULT '0000-00-00 00:00:00',
  `Enabled` tinyint(1) NOT NULL,
  PRIMARY KEY (`FeedDeviceId`)
) ENGINE=InnoDB DEFAULT CHARSET=utf8 COLLATE=utf8_unicode_ci AUTO_INCREMENT=1 ;

-- --------------------------------------------------------

--
-- Table structure for table `Feeds`
--

CREATE TABLE IF NOT EXISTS `Feeds` (
  `FeedId` int(11) NOT NULL AUTO_INCREMENT,
  `FeedName` varchar(50) COLLATE utf8_unicode_ci NOT NULL,
  `FeedUrl` varchar(500) COLLATE utf8_unicode_ci NOT NULL,
  `DateLastChecked` timestamp NOT NULL DEFAULT CURRENT_TIMESTAMP,
  `DateLastUpdated` datetime NOT NULL DEFAULT '0000-00-00 00:00:00',
  PRIMARY KEY (`FeedId`)
) ENGINE=InnoDB DEFAULT CHARSET=utf8 COLLATE=utf8_unicode_ci AUTO_INCREMENT=1 ;

-- --------------------------------------------------------

--
-- Table structure for table `gcm_users`
--

CREATE TABLE IF NOT EXISTS `gcm_users` (
  `id` int(11) NOT NULL AUTO_INCREMENT,
  `gcm_regid` text,
  `name` varchar(50) NOT NULL,
  `email` varchar(255) NOT NULL,
  `created_at` timestamp NOT NULL DEFAULT CURRENT_TIMESTAMP,
  PRIMARY KEY (`id`)
) ENGINE=InnoDB DEFAULT CHARSET=latin1 AUTO_INCREMENT=1 ;

-- --------------------------------------------------------

--
-- Table structure for table `MessageQueue`
--

CREATE TABLE IF NOT EXISTS `MessageQueue` (
  `MessageId` int(32) NOT NULL AUTO_INCREMENT,
  `CertificateId` int(32) NOT NULL,
  `DeviceId` int(32) NOT NULL,
  `Message` varchar(250) COLLATE utf8_unicode_ci NOT NULL,
  `Badge` int(11) NOT NULL DEFAULT '0',
  `Sound` varchar(100) COLLATE utf8_unicode_ci NOT NULL,
  `DateAdded` timestamp NOT NULL DEFAULT CURRENT_TIMESTAMP,
  `Status` smallint(6) NOT NULL DEFAULT '0',
  PRIMARY KEY (`MessageId`)
) ENGINE=InnoDB  DEFAULT CHARSET=utf8 COLLATE=utf8_unicode_ci AUTO_INCREMENT=780 ;

--
-- Dumping data for table `MessageQueue`
--

INSERT INTO `MessageQueue` (`MessageId`, `CertificateId`, `DeviceId`, `Message`, `Badge`, `Sound`, `DateAdded`, `Status`) VALUES
(1, 2, 1, 'test test', 2, 'push.wav', '2014-04-11 20:00:45', 2),
(2, 2, 1, 'test test', 2, 'push.wav', '2014-04-11 20:05:44', 2),
(3, 2, 1, 'test test', 2, 'push.wav', '2014-04-11 20:15:20', 2),
(4, 2, 1, 'test test', 2, 'push.wav', '2014-04-11 20:26:23', 2),
(5, 2, 1, 'test test', 2, 'push.wav', '2014-04-11 20:26:48', 2),
(6, 2, 1, 'test test', 2, 'push.wav', '2014-04-11 20:28:16', 2),
(7, 2, 1, 'test test', 2, 'push.wav', '2014-04-11 20:28:23', 2),
(8, 2, 1, '50% off on margherita pizza', 2, 'push.wav', '2014-04-14 11:31:21', 2),
(9, 2, 1, 'Come in today and receive a free order of Garlic Knots with your order of $10 or more!', 2, 'push.wav', '2014-04-14 15:02:31', 2),
(10, 2, 1, 'Get 10% Off This Week', 2, 'push.wav', '2014-04-14 15:15:50', 2),
(11, 2, 1, '1% off', 2, 'push.wav', '2014-04-14 15:19:08', 2),
(12, 2, 1, 'TEST: Come in today and receive a free order of Garlic Knots with your order of $10 or more!', 2, 'push.wav', '2014-04-14 17:23:39', 2),
(13, 2, 1, 'NOW IT SHOULD:  Come in today and receive a free order of Garlic Knots with your order of $10 or more!', 2, 'push.wav', '2014-04-14 17:28:37', 2),
(14, 2, 1, 'Come in today and get a free order of garlic knots with your order of $15 or more! Mention code "FREEGK"', 2, 'push.wav', '2014-04-14 20:19:40', 2),
(15, 2, 3, 'test test', 2, 'push.wav', '2014-04-15 09:51:37', 2),
(16, 2, 3, 'test test', 2, 'push.wav', '2014-04-15 09:56:53', 2),
(17, 2, 1, 'test test', 2, 'push.wav', '2014-04-15 10:47:40', 2),
(18, 2, 1, 'test test', 2, 'push.wav', '2014-04-15 10:50:16', 2),
(19, 2, 1, 'test test', 2, 'push.wav', '2014-04-15 10:54:35', 2),
(20, 2, 1, 'Tuesday Offer 20% Discount on Rs200 and above', 2, 'push.wav', '2014-04-15 10:55:26', 2),
(21, 2, 1, '20% Discount on New Installation', 2, 'push.wav', '2014-04-15 11:00:53', 2),
(22, 2, 1, '10% Discount on 1st Order', 2, 'push.wav', '2014-04-15 11:03:25', 2),
(23, 2, 1, 'Now : Discount on new Install', 2, 'push.wav', '2014-04-15 11:07:19', 2),
(24, 2, 1, 'April Fool Offer on this April', 2, 'push.wav', '2014-04-15 13:33:03', 2),
(25, 2, 4, 'April Fool Offer on this April 10% on Install', 2, 'push.wav', '2014-04-15 15:19:48', 2),
(26, 2, 1, 'April Fool Offer on this April 10% on Install', 2, 'push.wav', '2014-04-15 15:19:50', 2),
(27, 2, 4, 'Android Install will get 2% and IOS get 3% discount', 2, 'push.wav', '2014-04-15 15:22:48', 2),
(28, 2, 1, 'Android Install will get 2% and IOS get 3% discount', 2, 'push.wav', '2014-04-15 15:22:50', 2),
(29, 2, 3, 'Test Test', 2, 'push.wav', '2014-04-15 21:20:59', 2),
(30, 2, 4, 'Test Test', 2, 'push.wav', '2014-04-15 21:21:00', 2),
(31, 2, 1, 'Test Test', 2, 'push.wav', '2014-04-15 21:21:01', 2),
(32, 2, 3, 'Get free garlic knots TODAY only with your order of $15 or more. Mention coupon code FREEGK.', 2, 'push.wav', '2014-04-15 21:22:40', 2),
(33, 2, 4, 'Get free garlic knots TODAY only with your order of $15 or more. Mention coupon code FREEGK.', 2, 'push.wav', '2014-04-15 21:22:40', 2),
(34, 2, 1, 'Get free garlic knots TODAY only with your order of $15 or more. Mention coupon code FREEGK.', 2, 'push.wav', '2014-04-15 21:22:42', 2),
(35, 2, 3, 'Get free garlic knots TODAY only with your order of $15 or more. Mention coupon code FREEGK.', 2, 'push.wav', '2014-04-15 21:29:34', 2),
(36, 2, 4, 'Get free garlic knots TODAY only with your order of $15 or more. Mention coupon code FREEGK.', 2, 'push.wav', '2014-04-15 21:29:35', 2),
(37, 2, 1, 'Get free garlic knots TODAY only with your order of $15 or more. Mention coupon code FREEGK.', 2, 'push.wav', '2014-04-15 21:29:36', 2),
(38, 2, 3, 'Get free garlic knots TODAY only with your order of $15 or more. Mention coupon code FREEGK.', 2, 'push.wav', '2014-04-16 06:41:42', 2),
(39, 2, 4, 'Get free garlic knots TODAY only with your order of $15 or more. Mention coupon code FREEGK.', 2, 'push.wav', '2014-04-16 06:41:42', 2),
(40, 2, 1, 'Get free garlic knots TODAY only with your order of $15 or more. Mention coupon code FREEGK.', 2, 'push.wav', '2014-04-16 06:41:44', 2),
(41, 2, 3, 'Get free garlic knots TODAY only with your order of $15 or more. Mention coupon code FREEGK.', 2, 'push.wav', '2014-04-16 09:46:59', 2),
(42, 2, 4, 'Get free garlic knots TODAY only with your order of $15 or more. Mention coupon code FREEGK.', 2, 'push.wav', '2014-04-16 09:47:00', 2),
(43, 2, 1, 'Get free garlic knots TODAY only with your order of $15 or more. Mention coupon code FREEGK.', 2, 'push.wav', '2014-04-16 09:47:02', 2),
(44, 2, 3, 'IOS gets Offer on Wednesday', 2, 'push.wav', '2014-04-16 11:09:45', 2),
(45, 2, 4, 'IOS gets Offer on Wednesday', 2, 'push.wav', '2014-04-16 11:09:46', 2),
(46, 2, 1, 'IOS gets Offer on Wednesday', 2, 'push.wav', '2014-04-16 11:09:48', 2),
(47, 2, 3, 'IOS with Proper title get 10% discount', 2, 'push.wav', '2014-04-16 11:26:36', 2),
(48, 2, 4, 'IOS with Proper title get 10% discount', 2, 'push.wav', '2014-04-16 11:26:36', 2),
(49, 2, 1, 'IOS with Proper title get 10% discount', 2, 'push.wav', '2014-04-16 11:26:38', 2),
(50, 2, 3, 'Get today''s garlic knoked up', 2, 'push.wav', '2014-04-19 09:55:41', 2),
(51, 2, 4, 'Get today''s garlic knoked up', 2, 'push.wav', '2014-04-19 09:55:42', 2),
(52, 2, 1, 'Get today''s garlic knoked up', 2, 'push.wav', '2014-04-19 09:55:43', 2),
(53, 2, 3, '50% off on margherita pizza', 2, 'push.wav', '2014-04-21 09:09:56', 2),
(54, 2, 4, '50% off on margherita pizza', 2, 'push.wav', '2014-04-21 09:09:57', 2),
(55, 2, 1, '50% off on margherita pizza', 2, 'push.wav', '2014-04-21 09:09:59', 2),
(56, 2, 1, 'New Install 40% Disount', 2, 'push.wav', '2014-04-25 10:12:58', 2),
(57, 2, 1, 'New Install 40% Disount', 2, 'push.wav', '2014-04-25 11:13:31', 2),
(58, 2, 4, 'New Install 40% Disount', 2, 'push.wav', '2014-04-25 11:13:32', 2),
(59, 2, 3, 'New Install 40% Disount', 2, 'push.wav', '2014-04-25 11:13:32', 2),
(60, 2, 1, 'New Install 40% Disount', 2, 'push.wav', '2014-04-25 11:14:05', 2),
(61, 2, 4, 'New Install 40% Disount', 2, 'push.wav', '2014-04-25 11:14:05', 2),
(62, 2, 3, 'New Install 40% Disount', 2, 'push.wav', '2014-04-25 11:14:06', 2),
(63, 2, 1, 'IOS with Proper title get 10% discount', 2, 'push.wav', '2014-04-25 11:15:22', 2),
(64, 2, 4, 'IOS with Proper title get 10% discount', 2, 'push.wav', '2014-04-25 11:15:22', 2),
(65, 2, 3, 'IOS with Proper title get 10% discount', 2, 'push.wav', '2014-04-25 11:15:23', 2),
(66, 2, 4, 'test test', 2, 'push.wav', '2014-04-25 11:38:58', 2),
(67, 2, 3, 'test test', 2, 'push.wav', '2014-04-25 11:38:59', 2),
(68, 2, 4, 'IOS with Proper title get 10% discount', 2, 'push.wav', '2014-04-25 12:21:34', 2),
(69, 2, 3, 'IOS with Proper title get 10% discount', 2, 'push.wav', '2014-04-25 12:21:35', 2),
(70, 2, 4, 'NOW IT SHOULD: Come in today and receive a free order of Garlic Knots with your order of $10 or mor', 2, 'push.wav', '2014-04-25 16:00:19', 2),
(71, 2, 3, 'NOW IT SHOULD: Come in today and receive a free order of Garlic Knots with your order of $10 or mor', 2, 'push.wav', '2014-04-25 16:00:20', 2),
(72, 2, 4, '1% off', 2, 'push.wav', '2014-04-25 16:02:38', 2),
(73, 2, 3, '1% off', 2, 'push.wav', '2014-04-25 16:02:39', 2),
(74, 2, 4, 'ios testing.', 2, 'push.wav', '2014-04-25 16:14:14', 2),
(75, 2, 3, 'ios testing.', 2, 'push.wav', '2014-04-25 16:14:15', 2),
(76, 2, 4, 'ios notification.', 2, 'push.wav', '2014-04-25 16:24:06', 2),
(77, 2, 3, 'ios notification.', 2, 'push.wav', '2014-04-25 16:24:06', 2),
(78, 2, 4, 'IOS with Proper title get 10% discount', 2, 'push.wav', '2014-04-25 16:31:05', 2),
(79, 2, 3, 'IOS with Proper title get 10% discount', 2, 'push.wav', '2014-04-25 16:31:05', 2),
(80, 2, 1, 'Again IOS will get free piza', 2, 'push.wav', '2014-04-25 16:36:40', 2),
(81, 2, 4, 'Again IOS will get free piza', 2, 'push.wav', '2014-04-25 16:36:40', 2),
(82, 2, 3, 'Again IOS will get free piza', 2, 'push.wav', '2014-04-25 16:36:41', 2),
(83, 2, 1, 'Get me now', 2, 'push.wav', '2014-04-25 16:39:07', 2),
(84, 2, 4, 'Get me now', 2, 'push.wav', '2014-04-25 16:39:07', 2),
(85, 2, 3, 'Get me now', 2, 'push.wav', '2014-04-25 16:39:08', 2),
(86, 2, 1, 'NOW IT SHOULD: Come in today and receive a free order of Garlic Knots with your order of $10 or mor 2', 2, 'push.wav', '2014-04-25 16:43:20', 2),
(87, 2, 4, 'NOW IT SHOULD: Come in today and receive a free order of Garlic Knots with your order of $10 or mor 2', 2, 'push.wav', '2014-04-25 16:43:20', 2),
(88, 2, 3, 'NOW IT SHOULD: Come in today and receive a free order of Garlic Knots with your order of $10 or mor 2', 2, 'push.wav', '2014-04-25 16:43:21', 2),
(89, 2, 1, 'ios testing.', 2, 'push.wav', '2014-04-25 16:52:29', 2),
(90, 2, 4, 'ios testing.', 2, 'push.wav', '2014-04-25 16:52:29', 2),
(91, 2, 3, 'ios testing.', 2, 'push.wav', '2014-04-25 16:52:30', 2),
(92, 2, 1, 'Test', 2, 'push.wav', '2014-04-26 07:22:49', 2),
(93, 2, 4, 'Test', 2, 'push.wav', '2014-04-26 07:22:50', 2),
(94, 2, 3, 'Test', 2, 'push.wav', '2014-04-26 07:22:50', 2),
(95, 2, 1, 'Free Pizza Testing', 2, 'push.wav', '2014-04-26 07:23:35', 2),
(96, 2, 4, 'Free Pizza Testing', 2, 'push.wav', '2014-04-26 07:23:35', 2),
(97, 2, 3, 'Free Pizza Testing', 2, 'push.wav', '2014-04-26 07:23:35', 2),
(98, 2, 1, 'ios testing.', 2, 'push.wav', '2014-04-26 11:42:47', 2),
(99, 2, 4, 'ios testing.', 2, 'push.wav', '2014-04-26 11:42:47', 2),
(100, 2, 3, 'ios testing.', 2, 'push.wav', '2014-04-26 11:42:48', 2),
(101, 2, 1, 'Get today''s garlic knoked up', 2, 'push.wav', '2014-04-26 11:47:49', 2),
(102, 2, 4, 'Get today''s garlic knoked up', 2, 'push.wav', '2014-04-26 11:47:49', 2),
(103, 2, 3, 'Get today''s garlic knoked up', 2, 'push.wav', '2014-04-26 11:47:50', 2),
(104, 2, 1, 'Get today''s garlic knoked up', 2, 'push.wav', '2014-04-26 14:28:35', 2),
(105, 2, 4, 'Get today''s garlic knoked up', 2, 'push.wav', '2014-04-26 14:28:36', 2),
(106, 2, 3, 'Get today''s garlic knoked up', 2, 'push.wav', '2014-04-26 14:28:36', 2),
(107, 2, 1, 'Again IOS will get free piza', 2, 'push.wav', '2014-04-26 14:29:17', 2),
(108, 2, 4, 'Again IOS will get free piza', 2, 'push.wav', '2014-04-26 14:29:17', 2),
(109, 2, 3, 'Again IOS will get free piza', 2, 'push.wav', '2014-04-26 14:29:18', 2),
(110, 2, 1, 'Testing', 2, 'push.wav', '2014-04-28 23:37:16', 2),
(111, 2, 4, 'Testing', 2, 'push.wav', '2014-04-28 23:37:16', 2),
(112, 2, 3, 'Testing', 2, 'push.wav', '2014-04-28 23:37:17', 2),
(113, 2, 1, 'This is testing', 2, 'push.wav', '2014-07-16 15:12:10', 2),
(114, 2, 4, 'This is testing', 2, 'push.wav', '2014-07-16 15:12:11', 2),
(115, 2, 3, 'This is testing', 2, 'push.wav', '2014-07-16 15:12:11', 2),
(116, 2, 1, 'Hello How are you ?', 2, 'push.wav', '2014-07-16 16:42:06', 2),
(117, 2, 4, 'Hello How are you ?', 2, 'push.wav', '2014-07-16 16:42:06', 2),
(118, 2, 3, 'Hello How are you ?', 2, 'push.wav', '2014-07-16 16:42:07', 2),
(119, 2, 1, 'dadasdadasdsadsad....', 2, 'push.wav', '2014-07-16 17:54:52', 2),
(120, 2, 4, 'dadasdadasdsadsad....', 2, 'push.wav', '2014-07-16 17:54:52', 2),
(121, 2, 3, 'dadasdadasdsadsad....', 2, 'push.wav', '2014-07-16 17:54:53', 2),
(122, 2, 1, 'test', 2, 'push.wav', '2014-07-24 11:23:16', 2),
(123, 2, 4, 'test', 2, 'push.wav', '2014-07-24 11:23:17', 2),
(124, 2, 3, 'test', 2, 'push.wav', '2014-07-24 11:23:18', 2),
(125, 3, 6, 'sadadsadsadsadsadsadasd', 2, 'push.wav', '2014-07-24 12:13:36', 2),
(126, 3, 6, 'sadadsadsadsadsadsadasd', 2, 'push.wav', '2014-07-24 12:14:19', 2),
(127, 3, 6, 'Hello', 2, 'push.wav', '2014-07-24 12:36:19', 2),
(128, 3, 6, 'Hello', 2, 'push.wav', '2014-07-24 12:36:19', 2),
(129, 3, 6, 'fgfgfdgfdgfdgfdgdf', 2, 'push.wav', '2014-07-24 17:11:10', 2),
(130, 3, 6, 'fgfgfdgfdgfdgfdgdf', 2, 'push.wav', '2014-07-24 17:11:11', 2),
(131, 3, 6, 'fgfgfdgfdgfdgfdgdf', 2, 'push.wav', '2014-07-24 17:13:51', 2),
(132, 3, 6, 'fgfgfdgfdgfdgfdgdf', 2, 'push.wav', '2014-07-24 17:13:52', 2),
(133, 3, 6, 'Mehul testing', 2, 'push.wav', '2014-07-24 17:18:19', 2),
(134, 3, 6, 'Mehul testing', 2, 'push.wav', '2014-07-24 17:18:19', 2),
(135, 3, 6, 'hi tablet taxi chofer', 2, 'push.wav', '2014-07-24 17:32:37', 2),
(136, 3, 6, 'hi tablet taxi chofer', 2, 'push.wav', '2014-07-24 17:32:37', 2),
(137, 3, 6, 'hi tablet taxi chofer', 2, 'push.wav', '2014-07-24 17:34:27', 2),
(138, 3, 6, 'hi tablet taxi chofer', 2, 'push.wav', '2014-07-24 17:34:28', 2),
(139, 3, 6, 'hi tablet taxi ghfghchofer', 2, 'push.wav', '2014-07-24 17:34:48', 2),
(140, 3, 6, 'hi tablet taxi ghfghchofer', 2, 'push.wav', '2014-07-24 17:34:48', 2),
(141, 3, 6, 'hi tablet taxi ghfghchofer', 2, 'push.wav', '2014-07-24 17:45:09', 2),
(142, 3, 6, 'hi tablet taxi ghfghchofer', 2, 'push.wav', '2014-07-24 17:45:09', 2),
(143, 3, 6, 'hi mehul', 2, 'push.wav', '2014-07-24 18:05:45', 2),
(144, 3, 6, 'hi mehul', 2, 'push.wav', '2014-07-24 18:05:45', 2),
(145, 3, 6, 'hi mehul', 2, 'push.wav', '2014-07-24 18:09:38', 2),
(146, 3, 6, 'hi mehul', 2, 'push.wav', '2014-07-24 18:09:38', 2),
(147, 3, 6, 'Mehul testing', 2, 'push.wav', '2014-07-24 18:12:55', 2),
(148, 3, 6, 'Mehul testing', 2, 'push.wav', '2014-07-24 18:12:56', 2),
(149, 3, 6, 'hi mehul', 2, 'push.wav', '2014-07-24 18:19:51', 2),
(150, 3, 6, 'hi mehul', 2, 'push.wav', '2014-07-24 18:19:51', 2),
(151, 3, 6, 'This message for tablet', 2, 'push.wav', '2014-07-24 18:26:57', 2),
(152, 3, 6, 'This message for tablet', 2, 'push.wav', '2014-07-24 18:26:58', 2),
(153, 3, 6, 'test my noti', 2, 'push.wav', '2014-07-24 18:31:28', 2),
(154, 3, 6, 'test my noti', 2, 'push.wav', '2014-07-24 18:31:29', 2),
(155, 3, 7, 'IOS notification', 2, 'push.wav', '2014-07-28 14:42:45', 2),
(156, 3, 7, 'booked', 2, 'push.wav', '2014-07-28 16:54:01', 2),
(157, 3, 7, 'booked', 2, 'push.wav', '2014-07-28 16:56:35', 2),
(158, 3, 7, 'Booking Successfully.', 2, 'push.wav', '2014-07-28 17:06:43', 2),
(159, 3, 7, 'booked', 2, 'push.wav', '2014-07-28 17:08:01', 2),
(160, 3, 7, 'booked', 2, 'push.wav', '2014-07-28 17:10:20', 2),
(161, 3, 7, 'Your Account debited with $170.00', 2, 'push.wav', '2014-07-28 17:18:03', 2),
(162, 3, 7, 'Booking Successfully.', 2, 'push.wav', '2014-07-28 17:18:14', 2),
(163, 3, 7, 'Your Account debited with $170.00', 2, 'push.wav', '2014-07-28 17:21:24', 2),
(164, 3, 7, 'Booking Successfully.', 2, 'push.wav', '2014-07-28 17:23:13', 2),
(165, 3, 7, 'booked', 2, 'push.wav', '2014-07-28 17:24:21', 2),
(166, 3, 7, 'booked', 2, 'push.wav', '2014-07-28 17:26:42', 2),
(167, 3, 7, 'Your Account debited with $170.00', 2, 'push.wav', '2014-07-28 17:28:29', 2),
(168, 3, 7, 'Booking Successfully.', 2, 'push.wav', '2014-07-28 17:28:46', 2),
(169, 3, 7, 'testing for IOS', 2, 'push.wav', '2014-07-28 17:33:02', 2),
(170, 3, 7, 'Your Account debited with $170.00', 2, 'push.wav', '2014-07-28 17:34:10', 2),
(171, 3, 7, 'testing for IOS', 2, 'push.wav', '2014-07-28 17:55:45', 2),
(172, 3, 7, 'testing for IOS', 2, 'push.wav', '2014-07-28 17:57:13', 2),
(173, 3, 7, 'testing for IOS', 2, 'push.wav', '2014-07-28 17:58:42', 2),
(174, 3, 7, 'testing for IOS', 2, 'push.wav', '2014-07-28 18:00:11', 2),
(175, 3, 7, 'testing for IOS 111 for kevel', 2, 'push.wav', '2014-07-28 18:00:37', 2),
(176, 3, 7, 'testing for IOS 111 for kevel', 2, 'push.wav', '2014-07-28 18:00:47', 2),
(177, 3, 7, 'Your Account debited with $170.00', 2, 'push.wav', '2014-07-28 18:04:19', 2),
(178, 3, 7, 'Your Account debited with $170.00', 2, 'push.wav', '2014-07-28 18:14:37', 2),
(179, 3, 7, 'Booking Successfully.', 2, 'push.wav', '2014-07-28 18:15:24', 2),
(180, 3, 7, 'Your Account debited with $350.00', 2, 'push.wav', '2014-07-28 18:21:12', 2),
(181, 3, 7, 'Booking Successfully.', 2, 'push.wav', '2014-07-28 18:21:54', 2),
(182, 3, 7, 'Your Account debited with $350.00', 2, 'push.wav', '2014-07-28 18:26:08', 2),
(183, 3, 7, 'Booking Successfully.', 2, 'push.wav', '2014-07-28 18:26:46', 2),
(184, 3, 7, 'Your Account debited with $170.00', 2, 'push.wav', '2014-07-28 18:39:16', 2),
(185, 3, 7, 'Your Account debited with $170.00', 2, 'push.wav', '2014-07-28 18:43:20', 2),
(186, 3, 7, 'Booking Successfully.', 2, 'push.wav', '2014-07-28 18:44:31', 2),
(187, 3, 7, 'booked', 2, 'push.wav', '2014-07-28 18:46:53', 2),
(188, 3, 7, 'Your Account debited with $350.00', 2, 'push.wav', '2014-07-28 18:53:30', 2),
(189, 3, 7, 'Booking Successfully.', 2, 'push.wav', '2014-07-28 18:53:54', 2),
(190, 3, 7, 'bookedingggggg', 2, 'push.wav', '2014-07-28 18:57:10', 2),
(191, 3, 7, 'Booked', 2, 'push.wav', '2014-07-28 19:00:39', 2),
(192, 3, 7, 'Booked', 2, 'push.wav', '2014-07-28 19:01:58', 2),
(193, 3, 7, 'Your Account debited with $180.00', 2, 'push.wav', '2014-07-28 19:18:08', 2),
(194, 3, 7, 'Booking Successfully.', 2, 'push.wav', '2014-07-28 19:18:38', 2),
(195, 3, 7, 'Booked', 2, 'push.wav', '2014-07-28 19:19:39', 2),
(196, 3, 7, 'testing for IOS 111 for kevel', 2, 'push.wav', '2014-07-28 19:22:19', 2),
(197, 3, 7, 'Booked', 2, 'push.wav', '2014-07-28 19:23:41', 2),
(198, 3, 7, 'Booked keval', 2, 'push.wav', '2014-07-28 19:24:11', 2),
(199, 3, 7, 'Your Account debited with $170.00', 2, 'push.wav', '2014-07-28 19:25:18', 2),
(200, 3, 7, 'Booking Successfully.', 2, 'push.wav', '2014-07-28 19:25:58', 2),
(201, 3, 7, 'Booked keval', 2, 'push.wav', '2014-07-28 19:29:50', 2),
(202, 3, 7, 'Your Account debited with $170.00', 2, 'push.wav', '2014-07-28 19:30:48', 2),
(203, 3, 7, 'Booking Successfully.', 2, 'push.wav', '2014-07-28 19:30:53', 2),
(204, 3, 7, 'Booked keval', 2, 'push.wav', '2014-07-28 19:31:23', 2),
(205, 3, 7, 'Booked keval', 2, 'push.wav', '2014-07-28 19:31:46', 2),
(206, 3, 7, 'Booked keval', 2, 'push.wav', '2014-07-28 19:32:00', 2),
(207, 3, 7, 'Booked keval', 2, 'push.wav', '2014-07-28 19:32:19', 2),
(208, 3, 7, 'Booked keval', 2, 'push.wav', '2014-07-28 19:32:33', 2),
(209, 3, 7, 'Your Account debited with $170.00', 2, 'push.wav', '2014-07-28 19:33:24', 2),
(210, 3, 7, 'Booking Successfully.', 2, 'push.wav', '2014-07-28 19:33:25', 2),
(211, 3, 7, 'Booked keval', 2, 'push.wav', '2014-07-28 19:34:11', 2),
(212, 3, 7, 'Booked keval', 2, 'push.wav', '2014-07-28 19:34:34', 2),
(213, 3, 7, 'Booked keval', 2, 'push.wav', '2014-07-28 19:35:11', 2),
(214, 3, 7, 'Booked keval', 2, 'push.wav', '2014-07-28 19:35:26', 2),
(215, 3, 7, 'Booked keval', 2, 'push.wav', '2014-07-28 19:35:49', 2),
(216, 3, 7, 'Booked keval', 2, 'push.wav', '2014-07-28 19:36:06', 2),
(217, 3, 7, 'Booked keval', 2, 'push.wav', '2014-07-28 19:36:15', 2),
(218, 3, 7, 'Booked keval', 2, 'push.wav', '2014-07-28 19:37:00', 2),
(219, 3, 7, 'Booked keval', 2, 'push.wav', '2014-07-28 19:37:12', 2),
(220, 3, 7, 'Booked keval', 2, 'push.wav', '2014-07-28 19:37:46', 2),
(221, 3, 7, 'Booked keval', 2, 'push.wav', '2014-07-28 19:37:53', 2),
(222, 3, 7, 'Booked keval', 2, 'push.wav', '2014-07-28 19:40:34', 2),
(223, 3, 7, 'Booked', 2, 'push.wav', '2014-07-28 19:45:33', 2),
(224, 3, 7, 'Booked', 2, 'push.wav', '2014-07-28 19:45:38', 2),
(225, 3, 7, 'Booked', 2, 'push.wav', '2014-07-28 19:45:43', 2),
(226, 3, 7, 'Booked', 2, 'push.wav', '2014-07-28 19:45:55', 2),
(227, 3, 7, 'Booked', 2, 'push.wav', '2014-07-28 19:46:02', 2),
(228, 3, 7, 'Booked', 2, 'push.wav', '2014-07-28 19:46:09', 2),
(229, 3, 7, 'Booked', 2, 'push.wav', '2014-07-28 19:46:24', 2),
(230, 3, 7, 'Your Account debited with $170.00', 2, 'push.wav', '2014-07-28 19:51:46', 2),
(231, 3, 7, 'Booking Successfully.', 2, 'push.wav', '2014-07-28 19:51:52', 2),
(232, 3, 7, 'Booked', 2, 'push.wav', '2014-07-28 19:52:57', 2),
(233, 3, 7, 'Booked', 2, 'push.wav', '2014-07-28 19:53:23', 2),
(234, 3, 7, 'Your Account debited with $170.00', 2, 'push.wav', '2014-07-28 20:12:46', 2),
(235, 3, 7, 'Booking Successfully.', 2, 'push.wav', '2014-07-28 20:13:02', 2),
(236, 3, 7, 'Your Account debited with $170.00', 2, 'push.wav', '2014-07-29 09:08:47', 2),
(237, 3, 7, 'Your Account debited with $170.00', 2, 'push.wav', '2014-07-29 09:22:05', 2),
(238, 3, 7, 'Booking Successfully.', 2, 'push.wav', '2014-07-29 09:22:24', 2),
(239, 3, 7, 'Booked', 2, 'push.wav', '2014-07-29 09:41:57', 2),
(240, 3, 7, 'Booked', 2, 'push.wav', '2014-07-29 09:42:14', 2),
(241, 3, 7, 'Booked', 2, 'push.wav', '2014-07-29 09:42:33', 2),
(242, 3, 7, 'Booked', 2, 'push.wav', '2014-07-29 09:42:39', 2),
(243, 3, 7, 'Booked', 2, 'push.wav', '2014-07-29 09:42:49', 2),
(244, 3, 7, 'Booked', 2, 'push.wav', '2014-07-29 09:43:02', 2),
(245, 3, 7, 'Booked', 2, 'push.wav', '2014-07-29 09:43:15', 2),
(246, 3, 7, 'Your Account debited with $170.00', 2, 'push.wav', '2014-07-29 09:54:31', 2),
(247, 3, 7, 'Your Account debited with $170.00', 2, 'push.wav', '2014-07-29 09:57:13', 2),
(248, 3, 7, 'Your Account debited with $170.00', 2, 'push.wav', '2014-07-29 10:01:53', 2),
(249, 3, 7, 'Booking Successfully.', 2, 'push.wav', '2014-07-29 10:02:25', 2),
(250, 3, 7, 'Your Account debited with $170.00', 2, 'push.wav', '2014-07-29 10:04:00', 2),
(251, 3, 7, 'Your Account debited with $170.00', 2, 'push.wav', '2014-07-29 10:17:03', 2),
(252, 3, 7, 'Your Account debited with $180.00', 2, 'push.wav', '2014-07-29 10:18:09', 2),
(253, 3, 7, 'Your Account debited with $170.00', 2, 'push.wav', '2014-07-29 10:22:45', 2),
(254, 3, 7, 'Your Account debited with $180.00', 2, 'push.wav', '2014-07-29 10:29:59', 2),
(255, 3, 7, 'Your Account debited with $170.00', 2, 'push.wav', '2014-07-29 10:34:40', 2),
(256, 3, 7, 'Your Account debited with $170.00', 2, 'push.wav', '2014-07-29 10:39:04', 2),
(257, 3, 7, 'Hi Demo', 2, 'push.wav', '2014-07-29 10:39:26', 2),
(258, 3, 7, 'Hi Demo', 2, 'push.wav', '2014-07-29 10:39:35', 2),
(259, 3, 7, 'Hi Demo', 2, 'push.wav', '2014-07-29 10:39:36', 2),
(260, 3, 7, 'Hi Demo', 2, 'push.wav', '2014-07-29 10:40:13', 2),
(261, 3, 7, 'Hi Demo', 2, 'push.wav', '2014-07-29 10:40:23', 2),
(262, 3, 7, 'Hi Demo', 2, 'push.wav', '2014-07-29 10:40:29', 2),
(263, 3, 7, 'Hi Demo', 2, 'push.wav', '2014-07-29 10:40:37', 2),
(264, 3, 7, 'Hi Demo', 2, 'push.wav', '2014-07-29 10:40:51', 2),
(265, 3, 7, 'Hi Demo', 2, 'push.wav', '2014-07-29 10:42:00', 2),
(266, 3, 7, 'Hi Demo', 2, 'push.wav', '2014-07-29 10:42:22', 2),
(267, 3, 7, 'Hi Demo', 2, 'push.wav', '2014-07-29 10:42:29', 2),
(268, 3, 7, 'Your Account debited with $170.00', 2, 'push.wav', '2014-07-29 16:07:45', 2),
(269, 3, 7, 'Booking Successfully.', 2, 'push.wav', '2014-07-29 16:08:24', 2),
(270, 3, 7, 'testing for IOS 111 for kevel', 2, 'push.wav', '2014-07-29 18:12:31', 2),
(271, 3, 6, 'Your Payment is Completed', 2, 'push.wav', '2014-07-29 18:38:03', 2),
(272, 3, 6, 'Your Account Debited with $100', 2, 'push.wav', '2014-07-29 19:10:04', 2),
(273, 3, 6, 'sdfsfsdfdsfdsfdsfdsfdsfsdfsd', 2, 'push.wav', '2014-07-29 19:15:03', 2),
(274, 3, 6, 'sdfsfsdfdsfdsfdsfdsfdsfsdfsd', 2, 'push.wav', '2014-07-29 19:16:30', 2),
(275, 3, 6, 'sdfsfsdfdsfdsfdsfdsfdsfsdfsd', 2, 'push.wav', '2014-07-29 19:20:27', 2),
(276, 3, 6, 'sdfsfsdfdsfdsfdsfdsfdsfsdfsd', 2, 'push.wav', '2014-07-29 19:21:14', 2),
(277, 3, 6, 'sdfsfsdfdsfdsfdsfdsfdsfsdfsd', 2, 'push.wav', '2014-07-29 19:24:26', 2),
(278, 3, 6, 'sdfsfsdfdsfdsfdsfdsfdsfsdfsd', 2, 'push.wav', '2014-07-29 19:25:06', 2),
(279, 3, 6, 'sdfsfsdfdsfdsfdsfdsfdsfsdfsd', 2, 'push.wav', '2014-07-29 19:25:47', 2),
(280, 3, 6, 'sdfsfsdfdsfdsfdsfdsfdsfsdfsd', 2, 'push.wav', '2014-07-29 19:26:08', 2),
(281, 3, 6, 'sdfsfsdfdsfdsfdsfdsfdsfsdfsd', 2, 'push.wav', '2014-07-29 19:26:41', 2),
(282, 3, 6, 'sdfsfsdfdsfdsfdsfdsfdsfsdfsd', 2, 'push.wav', '2014-07-29 19:27:18', 2),
(283, 3, 6, 'sdfsfsdfdsfdsfdsfdsfdsfsdfsd', 2, 'push.wav', '2014-07-29 19:27:39', 2),
(284, 3, 6, 'sdfsfsdfdsfdsfdsfdsfdsfsdfsd', 2, 'push.wav', '2014-07-29 19:28:02', 2),
(285, 3, 6, 'sdfsfsdfdsfdsfdsfdsfdsfsdfsd', 2, 'push.wav', '2014-07-30 09:50:47', 2),
(286, 3, 7, 'Your Account Debited with $430', 2, 'push.wav', '2014-07-30 13:17:57', 2),
(287, 3, 7, 'Your Account Debited with $430', 2, 'push.wav', '2014-07-30 13:18:13', 2),
(288, 3, 7, 'Your Account Debited with $430', 2, 'push.wav', '2014-07-30 13:20:26', 2),
(289, 3, 7, 'Your Account Debited with $440', 2, 'push.wav', '2014-07-30 13:21:44', 2),
(290, 3, 7, 'Your Account Debited with $1380', 2, 'push.wav', '2014-07-30 13:23:44', 2),
(291, 3, 7, 'Your Account Debited with $430', 2, 'push.wav', '2014-07-30 13:30:25', 2),
(292, 3, 7, 'Your Account Debited with $320', 2, 'push.wav', '2014-07-30 13:36:25', 2),
(293, 3, 7, 'Your Account debited with $170.00', 2, 'push.wav', '2014-08-02 10:12:28', 2),
(294, 3, 7, 'Your Account debited with $182', 2, 'push.wav', '2014-08-02 10:13:45', 2),
(295, 3, 7, 'Your Account debited with $39', 2, 'push.wav', '2014-08-02 10:14:51', 2),
(296, 3, 6, 'Your Account Debited with $302', 2, 'push.wav', '2014-08-02 16:44:46', 2),
(297, 3, 7, 'You are booked For trip', 2, 'push.wav', '2014-08-02 19:00:13', 2),
(298, 3, 6, 'You are booked For trip', 2, 'push.wav', '2014-08-02 19:12:19', 2),
(299, 3, 6, 'You are booked For trip', 2, 'push.wav', '2014-08-02 19:14:07', 2),
(300, 3, 6, 'You are booked For trip', 2, 'push.wav', '2014-08-02 19:15:32', 2),
(301, 3, 6, 'You are booked For trip', 2, 'push.wav', '2014-08-02 19:15:53', 2),
(302, 3, 6, 'You are booked For trip', 2, 'push.wav', '2014-08-02 19:16:40', 2),
(303, 3, 7, 'You are booked For trip', 2, 'push.wav', '2014-08-02 19:29:26', 2),
(304, 3, 7, 'You are booked For trip', 2, 'push.wav', '2014-08-02 19:29:42', 2),
(305, 3, 7, 'You are booked For trip', 2, 'push.wav', '2014-08-02 19:32:12', 2),
(306, 3, 6, 'You are booked For trip', 2, 'push.wav', '2014-08-02 19:33:04', 2),
(307, 3, 6, 'You are booked For trip', 2, 'push.wav', '2014-08-02 19:38:37', 2),
(308, 3, 6, 'Your Account debited with $5345.00', 2, 'push.wav', '2014-08-02 19:38:38', 2),
(309, 3, 7, 'You are booked For trip', 2, 'push.wav', '2014-08-02 19:39:57', 2),
(310, 3, 7, 'You are booked For trip', 2, 'push.wav', '2014-08-02 19:40:54', 2),
(311, 3, 7, 'You are booked For trip', 2, 'push.wav', '2014-08-02 19:45:11', 2),
(312, 3, 7, 'You are booked For trip', 2, 'push.wav', '2014-08-02 19:56:03', 2),
(313, 3, 7, 'You are booked For trip', 2, 'push.wav', '2014-08-02 19:57:28', 2),
(314, 3, 6, 'You are booked For trip', 2, 'push.wav', '2014-08-04 09:50:17', 2),
(315, 3, 6, 'Your Account debited with $5345.00', 2, 'push.wav', '2014-08-04 09:50:18', 2),
(316, 3, 8, 'Your Account debited with $5345.00', 2, 'push.wav', '2014-08-04 10:37:47', 2),
(317, 3, 6, 'You are booked For trip', 2, 'push.wav', '2014-08-04 10:45:25', 2),
(318, 3, 8, 'Your Account debited with $5345.00', 2, 'push.wav', '2014-08-04 10:45:26', 2),
(319, 3, 8, 'Hello this is testing.', 2, 'push.wav', '2014-08-04 10:51:23', 2),
(320, 3, 8, 'Hello this is testing.', 2, 'push.wav', '2014-08-04 10:51:51', 2),
(321, 3, 6, 'Your Account Debited with $185', 2, 'push.wav', '2014-08-04 11:55:04', 2),
(322, 3, 6, 'Your Payment is Completed', 2, 'push.wav', '2014-08-04 11:55:42', 2),
(323, 3, 6, 'Your Payment is Completed', 2, 'push.wav', '2014-08-04 11:56:55', 2),
(324, 3, 6, 'Your Payment is Completed', 2, 'push.wav', '2014-08-04 11:57:27', 2),
(325, 3, 6, 'Your Payment is Completed', 2, 'push.wav', '2014-08-04 11:58:23', 2),
(326, 3, 6, 'Your Payment is Completed', 2, 'push.wav', '2014-08-04 11:58:50', 2),
(327, 3, 6, 'Your Payment is Completed', 2, 'push.wav', '2014-08-04 12:01:00', 2),
(328, 3, 6, 'Your Account Debited with $134', 2, 'push.wav', '2014-08-04 12:06:09', 2),
(329, 3, 6, 'Your Payment is Completed', 2, 'push.wav', '2014-08-04 12:10:36', 2),
(330, 3, 6, 'Your Payment is Completed', 2, 'push.wav', '2014-08-04 12:12:04', 2),
(331, 3, 6, 'You are booked For trip', 2, 'push.wav', '2014-08-04 12:13:01', 2),
(332, 3, 6, 'Your Account debited with $5345.00', 2, 'push.wav', '2014-08-04 12:13:02', 2),
(333, 3, 8, 'Hello this is testing.', 2, 'push.wav', '2014-08-04 12:15:24', 2),
(334, 3, 8, 'Hello this is testing.dsfgfdgdfgfd', 2, 'push.wav', '2014-08-04 12:15:45', 2),
(335, 3, 6, 'You are booked For trip', 2, 'push.wav', '2014-08-04 12:20:33', 2),
(336, 3, 6, 'Your Account debited with $5345.00', 2, 'push.wav', '2014-08-04 12:20:34', 2),
(337, 3, 6, 'Your Account Credited with $4513', 2, 'push.wav', '2014-08-04 12:25:11', 2),
(338, 3, 6, 'Your Account Debited with $162', 2, 'push.wav', '2014-08-04 12:27:34', 2),
(339, 3, 6, 'Your Account Credited with $452.3', 2, 'push.wav', '2014-08-04 12:27:57', 2),
(340, 3, 6, 'Your Payment is Completed', 2, 'push.wav', '2014-08-04 12:29:08', 2),
(341, 3, 7, 'Your Account debited with $350.00', 2, 'push.wav', '2014-08-04 14:41:39', 2),
(342, 3, 6, 'Your Payment is Completed', 2, 'push.wav', '2014-08-04 17:44:50', 2),
(343, 3, 6, 'Your Payment is Completed', 2, 'push.wav', '2014-08-04 17:45:49', 2),
(344, 3, 6, 'Your Payment is Completed', 2, 'push.wav', '2014-08-05 12:02:44', 2),
(345, 3, 6, 'Your Account Credited with $127.5', 2, 'push.wav', '2014-08-05 12:03:44', 2),
(346, 3, 6, 'Your Account Debited with $213.3', 2, 'push.wav', '2014-08-05 12:04:46', 2),
(347, 3, 6, 'Your Payment is Completed', 2, 'push.wav', '2014-08-05 12:07:58', 2),
(348, 3, 6, 'Your Payment is Completed', 2, 'push.wav', '2014-08-05 14:37:53', 2),
(349, 3, 6, 'Your Account Debited with $127.5', 2, 'push.wav', '2014-08-05 14:40:00', 2),
(350, 3, 6, 'Your Payment is Completed', 2, 'push.wav', '2014-08-05 14:41:10', 2),
(351, 3, 6, 'Your Payment is Completed', 2, 'push.wav', '2014-08-05 14:41:36', 2),
(352, 3, 6, 'You are booked For trip', 2, 'push.wav', '2014-08-06 16:07:25', 2),
(353, 3, 6, 'You are booked For trip', 2, 'push.wav', '2014-08-06 16:09:52', 2),
(354, 3, 6, 'You are booked For trip', 2, 'push.wav', '2014-08-06 16:11:51', 2),
(355, 3, 6, 'You are booked For trip', 2, 'push.wav', '2014-08-06 16:55:02', 2),
(356, 3, 8, 'Hello this is testing.dsfgfdgdfgfd', 2, 'push.wav', '2014-08-06 17:08:43', 2),
(357, 3, 7, 'Your Account debited with $100.00', 2, 'push.wav', '2014-08-06 18:20:15', 2),
(358, 3, 7, 'Your Payment is Completed', 2, 'push.wav', '2014-08-06 18:24:19', 2),
(359, 3, 7, 'Your Account debited with $273', 2, 'push.wav', '2014-08-06 18:38:04', 2),
(360, 3, 7, 'taxichofer notification', 2, 'push.wav', '2014-08-06 18:38:46', 2),
(361, 3, 7, 'taxichofer notification', 2, 'push.wav', '2014-08-06 18:38:56', 2),
(362, 3, 7, 'taxichofer notification', 2, 'push.wav', '2014-08-06 18:39:06', 2),
(363, 3, 7, 'Your Account debited with $286', 2, 'push.wav', '2014-08-06 18:41:42', 2),
(364, 3, 7, 'taxichofer notification', 2, 'push.wav', '2014-08-06 18:42:19', 2),
(365, 3, 7, 'Your Account debited with $286', 2, 'push.wav', '2014-08-06 18:44:13', 2),
(366, 3, 7, 'Your Account debited with $299', 2, 'push.wav', '2014-08-06 18:48:13', 2),
(367, 3, 7, 'taxichofer notification', 2, 'push.wav', '2014-08-06 18:48:52', 2),
(368, 3, 7, 'Your Account debited with $286', 2, 'push.wav', '2014-08-06 18:50:29', 2),
(369, 3, 7, 'taxichofer notification', 2, 'push.wav', '2014-08-06 18:50:42', 2),
(370, 3, 9, 'Your Account debited with $299', 2, 'push.wav', '2014-08-06 18:57:59', 2),
(371, 3, 9, 'taxichofer notification', 2, 'push.wav', '2014-08-06 18:58:32', 2),
(372, 3, 9, 'Your Payment is Completed', 2, 'push.wav', '2014-08-06 18:59:08', 2),
(373, 3, 9, 'Your Account debited with $100.00', 2, 'push.wav', '2014-08-06 19:07:22', 2),
(374, 3, 9, 'taxichofer notification', 2, 'push.wav', '2014-08-06 19:07:58', 2),
(375, 3, 9, 'Your Account debited with $100.00', 2, 'push.wav', '2014-08-06 19:10:40', 2),
(376, 3, 9, 'taxichofer notification', 2, 'push.wav', '2014-08-06 19:11:05', 2),
(377, 3, 9, 'Your Account debited with $100.00', 2, 'push.wav', '2014-08-06 19:14:13', 2),
(378, 3, 9, 'taxichofer notification', 2, 'push.wav', '2014-08-06 19:16:50', 2),
(379, 3, 9, 'test', 2, 'push.wav', '2014-08-06 19:20:19', 2),
(380, 3, 9, 'Your Account debited with $100.00', 2, 'push.wav', '2014-08-06 19:21:45', 2),
(381, 3, 9, 'Your Account debited with $286', 2, 'push.wav', '2014-08-06 19:22:29', 2),
(382, 3, 9, 'Your Account debited with $425.00', 2, 'push.wav', '2014-08-06 19:23:00', 2),
(383, 3, 9, 'Your Account debited with $143', 2, 'push.wav', '2014-08-06 19:23:31', 2),
(384, 3, 9, 'test', 2, 'push.wav', '2014-08-06 19:48:49', 2),
(385, 3, 9, 'test', 2, 'push.wav', '2014-08-06 19:56:57', 2),
(386, 3, 9, 'Your Account debited with $100.00', 2, 'push.wav', '2014-08-06 20:17:43', 2),
(387, 3, 9, 'taxichofer notification', 2, 'push.wav', '2014-08-06 20:17:55', 2),
(388, 3, 9, 'Your Account debited with $100.00', 2, 'push.wav', '2014-08-06 20:24:09', 2),
(389, 3, 9, 'taxichofer notification', 2, 'push.wav', '2014-08-06 20:24:51', 2),
(390, 3, 9, 'message kem ni jato', 2, 'push.wav', '2014-08-06 20:44:35', 2),
(391, 3, 9, 'message kem ni jato', 2, 'push.wav', '2014-08-07 09:27:12', 2),
(392, 3, 9, 'test', 2, 'push.wav', '2014-08-07 11:06:55', 2),
(393, 3, 9, 'a bhai sari na karo', 2, 'push.wav', '2014-08-07 11:07:23', 2),
(394, 3, 9, 'a bhai sari na karo', 2, 'push.wav', '2014-08-07 11:07:34', 2),
(395, 3, 9, 'a bhai sari na karo', 2, 'push.wav', '2014-08-07 11:07:47', 2),
(396, 3, 9, 'a bhai sari na karo', 2, 'push.wav', '2014-08-07 11:08:09', 2),
(397, 3, 9, 'a bhai sari na karo', 2, 'push.wav', '2014-08-07 11:08:15', 2),
(398, 3, 9, 'a bhai sari na karo', 2, 'push.wav', '2014-08-07 11:08:33', 2),
(399, 3, 9, 'a bhai sari na karo', 2, 'push.wav', '2014-08-07 11:14:02', 2),
(400, 3, 9, 'This is test for ios.', 2, 'push.wav', '2014-08-07 11:20:38', 2),
(401, 3, 9, 'This is test for ios123.', 2, 'push.wav', '2014-08-07 11:21:09', 2),
(402, 3, 9, 'This is test for ios123.', 2, 'push.wav', '2014-08-07 11:21:24', 2),
(403, 3, 9, 'This is test for ios123.', 2, 'push.wav', '2014-08-07 11:22:17', 2),
(404, 3, 9, 'This is test for ios123.', 2, 'push.wav', '2014-08-07 11:22:23', 2),
(405, 3, 9, 'This is test for ios123.', 2, 'push.wav', '2014-08-07 11:22:41', 2),
(406, 3, 9, 'Booked', 2, 'push.wav', '2014-08-07 11:34:57', 2),
(407, 3, 9, 'taxichofer notification', 2, 'push.wav', '2014-08-07 11:37:00', 2),
(408, 3, 9, 'taxichofer notification', 2, 'push.wav', '2014-08-07 11:45:35', 2),
(409, 3, 9, 'taxichofer notification', 2, 'push.wav', '2014-08-07 11:46:05', 2),
(410, 3, 9, 'You are booked For trip', 2, 'push.wav', '2014-08-07 12:06:45', 2),
(411, 3, 7, 'Your Account debited with $286', 2, 'push.wav', '2014-08-07 12:06:46', 2),
(412, 3, 7, 'Your Account Debited with $2150', 2, 'push.wav', '2014-08-07 12:08:24', 2),
(413, 3, 9, 'You are booked For trip', 2, 'push.wav', '2014-08-07 12:30:51', 2),
(414, 3, 7, 'Your Account debited with $182', 2, 'push.wav', '2014-08-07 12:30:51', 2),
(415, 3, 7, 'Your Payment is Completed', 2, 'push.wav', '2014-08-07 12:33:56', 2),
(416, 3, 7, 'Your Account Debited with $570', 2, 'push.wav', '2014-08-07 12:35:28', 2),
(417, 3, 7, 'Your Account Credited with $140', 2, 'push.wav', '2014-08-07 12:38:23', 2),
(418, 3, 7, 'Your Payment is Completed', 2, 'push.wav', '2014-08-07 12:39:35', 2),
(419, 3, 7, 'Your Account Credited with $60', 2, 'push.wav', '2014-08-07 12:42:03', 2),
(420, 3, 7, 'Your Payment is Completed', 2, 'push.wav', '2014-08-07 12:42:20', 2),
(421, 3, 7, 'Your Account Debited with $650', 2, 'push.wav', '2014-08-07 13:17:14', 2),
(422, 3, 7, 'Your Payment is Completed', 2, 'push.wav', '2014-08-07 13:17:43', 2),
(423, 3, 9, 'You are booked For trip', 2, 'push.wav', '2014-08-07 13:19:26', 2),
(424, 3, 7, 'Your Account debited with $273', 2, 'push.wav', '2014-08-07 13:19:26', 2),
(425, 3, 9, 'You are booked For trip', 2, 'push.wav', '2014-08-07 13:20:16', 2),
(426, 3, 7, 'Your Account debited with $273', 2, 'push.wav', '2014-08-07 13:20:16', 2),
(427, 3, 9, 'You are booked For trip', 2, 'push.wav', '2014-08-07 13:22:34', 2),
(428, 3, 7, 'Your Account debited with $52', 2, 'push.wav', '2014-08-07 13:22:34', 2),
(429, 3, 9, 'You are booked For trip', 2, 'push.wav', '2014-08-07 13:24:45', 2),
(430, 3, 7, 'Your Account debited with $130', 2, 'push.wav', '2014-08-07 13:24:45', 2),
(431, 3, 9, 'You are booked For trip', 2, 'push.wav', '2014-08-07 13:27:22', 2),
(432, 3, 7, 'Your Account debited with $273', 2, 'push.wav', '2014-08-07 13:27:23', 2),
(433, 3, 9, 'You are booked For trip', 2, 'push.wav', '2014-08-07 13:29:21', 2),
(434, 3, 7, 'Your Account debited with $273', 2, 'push.wav', '2014-08-07 13:29:21', 2),
(435, 3, 9, 'You are booked For trip', 2, 'push.wav', '2014-08-07 13:30:24', 2),
(436, 3, 7, 'Your Account debited with $286', 2, 'push.wav', '2014-08-07 13:30:25', 2),
(437, 3, 9, 'You are booked For trip', 2, 'push.wav', '2014-08-07 13:33:03', 2),
(438, 3, 7, 'Your Account debited with $143', 2, 'push.wav', '2014-08-07 13:33:03', 2),
(439, 3, 7, 'Your Account Debited with $1520', 2, 'push.wav', '2014-08-07 13:34:45', 2),
(440, 3, 7, 'Your Account Debited with $1220', 2, 'push.wav', '2014-08-07 13:36:26', 2),
(441, 3, 7, 'Your Account Credited with $20', 2, 'push.wav', '2014-08-07 14:19:35', 2),
(442, 3, 7, 'Your Account debited with $143', 2, 'push.wav', '2014-08-07 14:39:19', 2),
(443, 3, 7, 'Your Account debited with $143', 2, 'push.wav', '2014-08-07 14:40:46', 2),
(444, 3, 7, 'Your Account debited with $143', 2, 'push.wav', '2014-08-07 14:41:42', 2),
(445, 3, 7, 'Your Account debited with $286', 2, 'push.wav', '2014-08-07 14:46:23', 2),
(446, 3, 7, 'Your Account debited with $299', 2, 'push.wav', '2014-08-07 14:49:11', 2),
(447, 3, 7, 'Your Account Debited with $370', 2, 'push.wav', '2014-08-07 14:51:43', 2),
(448, 3, 7, 'Your Account debited with $130', 2, 'push.wav', '2014-08-07 14:53:22', 2),
(449, 3, 7, 'Your Account debited with $130', 2, 'push.wav', '2014-08-07 14:54:23', 2),
(450, 3, 7, 'Your Account debited with $130', 2, 'push.wav', '2014-08-07 14:55:59', 2),
(451, 3, 9, 'You are booked For trip', 2, 'push.wav', '2014-08-07 15:06:40', 2),
(452, 3, 7, 'Your Account debited with $100.00', 2, 'push.wav', '2014-08-07 15:06:41', 2),
(453, 3, 9, 'You are booked For trip', 2, 'push.wav', '2014-08-07 15:08:30', 2),
(454, 3, 7, 'Your Account debited with $100.00', 2, 'push.wav', '2014-08-07 15:08:31', 2),
(455, 3, 9, 'You are booked For trip', 2, 'push.wav', '2014-08-07 15:09:42', 2),
(456, 3, 7, 'Your Account debited with $100.00', 2, 'push.wav', '2014-08-07 15:09:42', 2),
(457, 3, 9, 'You are booked For trip', 2, 'push.wav', '2014-08-07 15:10:33', 2),
(458, 3, 7, 'Your Account debited with $100.00', 2, 'push.wav', '2014-08-07 15:10:33', 2),
(459, 3, 9, 'You are booked For trip', 2, 'push.wav', '2014-08-07 15:11:07', 2),
(460, 3, 7, 'Your Account debited with $100.00', 2, 'push.wav', '2014-08-07 15:11:08', 2),
(461, 3, 9, 'You are booked For trip', 2, 'push.wav', '2014-08-07 15:12:04', 2),
(462, 3, 7, 'Your Account debited with $170.00', 2, 'push.wav', '2014-08-07 15:12:04', 2),
(463, 3, 9, 'You are booked For trip', 2, 'push.wav', '2014-08-07 15:12:45', 2),
(464, 3, 7, 'Your Account debited with $170.00', 2, 'push.wav', '2014-08-07 15:12:46', 2),
(465, 3, 9, 'You are booked For trip', 2, 'push.wav', '2014-08-07 15:19:28', 2),
(466, 3, 7, 'Your Account debited with $350.00', 2, 'push.wav', '2014-08-07 15:19:29', 2),
(467, 3, 9, 'You are booked For trip', 2, 'push.wav', '2014-08-07 15:20:42', 2),
(468, 3, 7, 'Your Account debited with $350.00', 2, 'push.wav', '2014-08-07 15:20:42', 2),
(469, 3, 9, 'You are booked For trip', 2, 'push.wav', '2014-08-07 15:21:43', 2),
(470, 3, 7, 'Your Account debited with $350.00', 2, 'push.wav', '2014-08-07 15:21:43', 2),
(471, 3, 9, 'You are booked For trip', 2, 'push.wav', '2014-08-07 15:22:44', 2),
(472, 3, 7, 'Your Account debited with $350.00', 2, 'push.wav', '2014-08-07 15:22:44', 2),
(473, 3, 9, 'You are booked For trip', 2, 'push.wav', '2014-08-07 15:27:05', 2),
(474, 3, 7, 'Your Account debited with $350.00', 2, 'push.wav', '2014-08-07 15:27:06', 2),
(475, 3, 9, 'You are booked For trip', 2, 'push.wav', '2014-08-07 15:35:02', 2),
(476, 3, 9, 'You are booked For trip', 2, 'push.wav', '2014-08-07 15:35:02', 2),
(477, 3, 7, 'Your Account debited with $350.00', 2, 'push.wav', '2014-08-07 15:35:02', 2),
(478, 3, 7, 'Your Account debited with $350.00', 2, 'push.wav', '2014-08-07 15:35:02', 2),
(479, 3, 9, 'You are booked For trip', 2, 'push.wav', '2014-08-07 15:35:29', 2),
(480, 3, 7, 'Your Account debited with $350.00', 2, 'push.wav', '2014-08-07 15:35:29', 2),
(481, 3, 9, 'You are booked For trip', 2, 'push.wav', '2014-08-07 15:35:38', 2),
(482, 3, 7, 'Your Account debited with $350.00', 2, 'push.wav', '2014-08-07 15:35:38', 2),
(483, 3, 9, 'You are booked For trip', 2, 'push.wav', '2014-08-07 15:37:17', 2),
(484, 3, 7, 'Your Account debited with $350.00', 2, 'push.wav', '2014-08-07 15:37:17', 2),
(485, 3, 9, 'You are booked For trip', 2, 'push.wav', '2014-08-07 15:39:22', 2),
(486, 3, 7, 'Your Account debited with $350.00', 2, 'push.wav', '2014-08-07 15:39:22', 2),
(487, 3, 9, 'You are booked For trip', 2, 'push.wav', '2014-08-07 15:39:57', 2),
(488, 3, 7, 'Your Account debited with $350.00', 2, 'push.wav', '2014-08-07 15:39:58', 2),
(489, 3, 9, 'You are booked For trip', 2, 'push.wav', '2014-08-07 15:40:33', 2),
(490, 3, 7, 'Your Account debited with $350.00', 2, 'push.wav', '2014-08-07 15:40:34', 2),
(491, 3, 9, 'You are booked For trip', 2, 'push.wav', '2014-08-07 15:41:12', 2),
(492, 3, 7, 'Your Account debited with $350.00', 2, 'push.wav', '2014-08-07 15:41:12', 2),
(493, 3, 9, 'You are booked For trip', 2, 'push.wav', '2014-08-07 15:48:39', 2),
(494, 3, 7, 'Your Account debited with $350.00', 2, 'push.wav', '2014-08-07 15:48:40', 2),
(495, 3, 9, 'You are booked For trip', 2, 'push.wav', '2014-08-07 15:48:57', 2),
(496, 3, 7, 'Your Account debited with $350.00', 2, 'push.wav', '2014-08-07 15:48:58', 2),
(497, 3, 9, 'You are booked For trip', 2, 'push.wav', '2014-08-07 15:49:41', 2),
(498, 3, 7, 'Your Account debited with $350.00', 2, 'push.wav', '2014-08-07 15:49:42', 2),
(499, 3, 9, 'You are booked For trip', 2, 'push.wav', '2014-08-07 15:50:12', 2),
(500, 3, 7, 'Your Account debited with $350.00', 2, 'push.wav', '2014-08-07 15:50:13', 2),
(501, 3, 9, 'You are booked For trip', 2, 'push.wav', '2014-08-07 16:01:04', 2),
(502, 3, 7, 'Your Account debited with $100.00', 2, 'push.wav', '2014-08-07 16:01:04', 2),
(503, 3, 9, 'You are booked For trip', 2, 'push.wav', '2014-08-07 16:02:19', 2),
(504, 3, 7, 'Your Account debited with $100.00', 2, 'push.wav', '2014-08-07 16:02:20', 2),
(505, 3, 9, 'You are booked For trip', 2, 'push.wav', '2014-08-07 16:04:04', 2),
(506, 3, 7, 'Your Account debited with $180.00', 2, 'push.wav', '2014-08-07 16:04:04', 2),
(507, 3, 9, 'You are booked For trip', 2, 'push.wav', '2014-08-07 16:05:20', 2),
(508, 3, 7, 'Your Account debited with $180.00', 2, 'push.wav', '2014-08-07 16:05:21', 2),
(509, 3, 9, 'You are booked For trip', 2, 'push.wav', '2014-08-07 16:06:58', 2),
(510, 3, 7, 'Your Account debited with $180.00', 2, 'push.wav', '2014-08-07 16:06:58', 2),
(511, 3, 9, 'You are booked For trip', 2, 'push.wav', '2014-08-07 16:10:13', 2),
(512, 3, 7, 'Your Account debited with $100.00', 2, 'push.wav', '2014-08-07 16:10:13', 2),
(513, 3, 9, 'You are booked For trip', 2, 'push.wav', '2014-08-07 16:15:34', 2),
(514, 3, 7, 'Your Account debited with $100.00', 2, 'push.wav', '2014-08-07 16:15:34', 2),
(515, 3, 9, 'You are booked For trip', 2, 'push.wav', '2014-08-07 16:18:26', 2),
(516, 3, 7, 'Your Account debited with $100.00', 2, 'push.wav', '2014-08-07 16:18:27', 2),
(517, 3, 9, 'You are booked For trip', 2, 'push.wav', '2014-08-07 16:19:49', 2),
(518, 3, 7, 'Your Account debited with $100.00', 2, 'push.wav', '2014-08-07 16:19:49', 2),
(519, 3, 9, 'You are booked For trip', 2, 'push.wav', '2014-08-07 16:23:58', 2),
(520, 3, 7, 'Your Account debited with $350.00', 2, 'push.wav', '2014-08-07 16:23:59', 2),
(521, 3, 9, 'You are booked For trip', 2, 'push.wav', '2014-08-07 16:28:52', 2),
(522, 3, 7, 'Your Account debited with $180.00', 2, 'push.wav', '2014-08-07 16:28:53', 2),
(523, 3, 9, 'You are booked For trip', 2, 'push.wav', '2014-08-07 16:34:11', 2),
(524, 3, 7, 'Your Account debited with $350.00', 2, 'push.wav', '2014-08-07 16:34:11', 2),
(525, 3, 9, 'You are booked For trip', 2, 'push.wav', '2014-08-07 16:39:13', 2),
(526, 3, 7, 'Your Account debited with $350.00', 2, 'push.wav', '2014-08-07 16:39:14', 2),
(527, 3, 9, 'You are booked For trip', 2, 'push.wav', '2014-08-07 16:41:50', 2),
(528, 3, 7, 'Your Account debited with $350.00', 2, 'push.wav', '2014-08-07 16:41:51', 2),
(529, 3, 9, 'You are booked For trip', 2, 'push.wav', '2014-08-07 16:44:33', 2),
(530, 3, 7, 'Your Account debited with $180.00', 2, 'push.wav', '2014-08-07 16:44:34', 2),
(531, 3, 9, 'You are booked For trip', 2, 'push.wav', '2014-08-07 16:47:31', 2),
(532, 3, 7, 'Your Account debited with $180.00', 2, 'push.wav', '2014-08-07 16:47:32', 2),
(533, 3, 7, 'Your Account Debited with $1060', 2, 'push.wav', '2014-08-07 16:51:36', 2),
(534, 3, 7, 'Your Payment is Completed', 2, 'push.wav', '2014-08-07 16:52:42', 2),
(535, 3, 7, 'Your Account Debited with $10085', 2, 'push.wav', '2014-08-07 17:00:37', 2),
(536, 3, 9, 'You are booked For trip', 2, 'push.wav', '2014-08-07 17:07:10', 2),
(537, 3, 7, 'Your Account debited with $169', 2, 'push.wav', '2014-08-07 17:07:11', 2),
(538, 3, 9, 'You are booked For trip', 2, 'push.wav', '2014-08-07 17:13:14', 2),
(539, 3, 7, 'Your Account debited with $169', 2, 'push.wav', '2014-08-07 17:13:14', 2),
(540, 3, 9, 'You are booked For trip', 2, 'push.wav', '2014-08-07 17:15:14', 2),
(541, 3, 7, 'Your Account debited with $169', 2, 'push.wav', '2014-08-07 17:15:14', 2),
(542, 3, 9, 'You are booked For trip', 2, 'push.wav', '2014-08-08 10:41:50', 2),
(543, 3, 9, 'You are booked For trip', 2, 'push.wav', '2014-08-08 10:49:16', 2),
(544, 3, 7, 'Your Account debited with $195', 2, 'push.wav', '2014-08-08 10:49:17', 2),
(545, 3, 7, 'Your Account Debited with $1060', 2, 'push.wav', '2014-08-08 10:52:39', 2),
(546, 3, 9, 'test123', 2, 'push.wav', '2014-08-21 14:31:43', 2),
(547, 3, 9, 'test123', 2, 'push.wav', '2014-08-21 14:35:54', 2),
(548, 3, 9, 'test123', 2, 'push.wav', '2014-08-21 14:36:36', 2),
(549, 3, 9, 'Your Account debited with $100.00', 2, 'push.wav', '2014-08-21 17:05:03', 2),
(550, 3, 9, 'You are booked For trip', 2, 'push.wav', '2014-09-02 10:10:08', 2),
(551, 3, 9, 'You are booked For trip', 2, 'push.wav', '2014-09-03 10:59:02', 2),
(552, 0, 8, 'Narendra Modi wants to meet you!', 2, 'push.wav', '2014-10-14 18:02:55', 0),
(553, 3, 8, 'Narendra Modi wants to meet you!', 2, 'push.wav', '2014-10-14 18:04:28', 2),
(554, 3, 8, 'Narendra Modi wants to meet you!', 2, 'push.wav', '2014-10-14 18:06:50', 2),
(555, 3, 8, 'Narendra Modi wants to meet you!', 2, 'push.wav', '2014-10-14 18:07:06', 2),
(556, 6, 14, 'Hello Boss', 2, 'push.wav', '2014-10-16 09:34:32', 2),
(557, 6, 14, 'Have a nice day', 2, 'push.wav', '2014-10-16 09:36:09', 2),
(558, 6, 14, 'Have a nice day', 2, 'push.wav', '2014-10-16 09:36:19', 2),
(559, 6, 14, 'Have a nice day', 2, 'push.wav', '2014-10-16 09:38:24', 2),
(560, 6, 14, 'Have a good day', 2, 'push.wav', '2014-10-16 09:38:46', 2),
(561, 6, 14, 'We have planned for Garba Festival in this year.', 2, 'push.wav', '2014-10-16 10:53:53', 2),
(562, 6, 14, 'We held meeting on 13 october evening time.', 2, 'push.wav', '2014-10-16 11:06:35', 2),
(563, 6, 14, 'Please collect your waterbill.', 2, 'push.wav', '2014-10-16 11:08:36', 2),
(564, 6, 14, 'We held meeting on 13 october evening time.', 2, 'push.wav', '2014-10-16 11:09:36', 2),
(565, 6, 14, 'dsfewgtrrbfdhgrt', 2, 'push.wav', '2014-10-16 19:18:33', 2),
(566, 6, 14, 'Just For Testing', 2, 'push.wav', '2014-10-16 19:22:39', 2),
(567, 6, 14, 'Usertest3', 2, 'push.wav', '2014-10-16 19:22:57', 2),
(568, 6, 14, 'Please collect your Lightbill.', 2, 'push.wav', '2014-10-16 19:27:38', 2),
(569, 6, 14, 'Arrangement of sport event.', 2, 'push.wav', '2014-10-16 19:30:39', 2),
(570, 6, 14, 'Just For Testing,Just For Testing,Just For Testing,Just For Testing,Just For Testing,Just For Testing,Just For Testing,Just For Testing,Just For Testing,Just For Testing', 2, 'push.wav', '2014-10-16 19:44:38', 2),
(571, 6, 14, 'We held meeting on 13 october evening time.We held meeting on 13 october evening time.We held meeting on 13 october evening time.We held meeting on 13 october evening time.We held meeting on 13 october evening time.We held meeting on 13 october eveni', 2, 'push.wav', '2014-10-16 20:02:41', 2),
(572, 6, 14, 'Hi , Their , This is Offer Today , Get and Grab it Now', 2, 'push.wav', '2014-10-16 20:12:38', 2),
(573, 6, 14, 'Hi , Their , This is Offer Today , Get and Grab it Now \r\nHi , Their , This is Offer Today , Get and Grab it Now \r\nHi , Their , This is Offer Today , Get and Grab it Now \r\nHi , Their , This is Offer Today , Get and Grab it Now \r\nHi , Their , This is O', 2, 'push.wav', '2014-10-16 20:15:38', 2),
(574, 6, 14, 'Hey Great Offers Today Grab ! it Find out current local time in Mexico  Federal District  Mexico City. Get Mexico City''s weather and area codes, time zone and DST. Explore Mexico City''s ...Find out current local time in Mexico  Federal District  ', 2, 'push.wav', '2014-10-16 20:32:38', 2),
(575, 6, 14, 'Hey Great Offers Today Grab ! it Find out current local time in Mexico  Federal District  Mexico City. Get Mexico City''s weather and area codes, time zone and DST. Explore Mexico City''s ...Find out current local time in Mexico  Federal District  ', 2, 'push.wav', '2014-10-16 20:39:38', 2),
(576, 6, 14, 'Hey Great Offers Today Grab ! it Find out current local time in Mexico  Federal District  Mexico City. Get Mexico City''s weather and area codes, time zone and DST. Explore Mexico City''s ...Find out current local time in Mexico  Federal District  ', 2, 'push.wav', '2014-10-16 20:39:52', 2),
(577, 6, 14, 'Hello Apartment Owners\n\nToday We have meeting at 7 PM', 2, 'push.wav', '2014-10-16 20:54:38', 2),
(578, 6, 14, 'Hello Apartment Owners\n\nToday We have meeting at 7 PM', 2, 'push.wav', '2014-10-16 20:54:43', 2),
(579, 6, 14, 'Today We have Event at 10 PM', 2, 'push.wav', '2014-10-16 20:57:39', 2),
(580, 6, 14, 'Please collect your waterbill.', 2, 'push.wav', '2014-10-16 23:08:38', 2),
(581, 6, 14, 'We held meeting on 13 october evening time.', 2, 'push.wav', '2014-10-16 23:09:39', 2),
(582, 6, 14, 'Just For Testing,Just For Testing,Just For Testing,Just For Testing,Just For Testing,Just For Testing,Just For Testing,Just For Testing,Just For Testing,Just For Testing', 2, 'push.wav', '2014-10-17 07:44:41', 2),
(583, 6, 14, 'Hi , Their , This is Offer Today , Get and Grab it Now \r\nHi , Their , This is Offer Today , Get and Grab it Now \r\nHi , Their , This is Offer Today , Get and Grab it Now \r\nHi , Their , This is Offer Today , Get and Grab it Now \r\nHi , Their , This is O', 2, 'push.wav', '2014-10-17 08:15:41', 2),
(584, 6, 14, 'Hello Apartment Owners\n\nToday We have meeting at 7 PM', 2, 'push.wav', '2014-10-17 08:54:41', 2),
(585, 6, 14, 'Hello Apartment Owners\n\nToday We have meeting at 7 PM', 2, 'push.wav', '2014-10-17 08:54:47', 2),
(586, 6, 15, 'Hello Apartment Owners\n\nToday We have meeting at 7 PM', 2, 'push.wav', '2014-10-17 08:54:47', 2),
(587, 6, 14, 'Today We have Event at 10 PM', 2, 'push.wav', '2014-10-17 08:57:42', 2),
(588, 6, 14, 'Del edificio', 2, 'push.wav', '2014-10-17 09:44:41', 2),
(589, 6, 14, 'Del edificio', 2, 'push.wav', '2014-10-17 09:44:46', 2);
INSERT INTO `MessageQueue` (`MessageId`, `CertificateId`, `DeviceId`, `Message`, `Badge`, `Sound`, `DateAdded`, `Status`) VALUES
(590, 6, 15, 'Del edificio', 2, 'push.wav', '2014-10-17 09:44:47', 2),
(591, 6, 14, 'Please collect your waterbill.', 2, 'push.wav', '2014-10-17 09:47:41', 2),
(592, 6, 14, 'Please collect your waterbill.', 2, 'push.wav', '2014-10-17 09:47:47', 2),
(593, 6, 15, 'Please collect your waterbill.', 2, 'push.wav', '2014-10-17 09:47:48', 2),
(594, 6, 15, 'Estimados condminos, les informamos que este fin de semana la alberca permanecer cerrada por motivos de remodelacin.', 2, 'push.wav', '2014-10-17 09:54:42', 2),
(595, 6, 14, 'We have decided to collect fund for charity, So my humble request to everyone that please give more money As much as possible.<br /><br /><br /><br />\nWe have decided to collect fund for charity, So my humble request to everyone that please give more', 2, 'push.wav', '2014-10-17 19:15:44', 2),
(596, 6, 14, 'We have decided to collect fund for charity, So my humble request to everyone that please give more money As much as possible.<br /><br /><br /><br />\nWe have decided to collect fund for charity, So my humble request to everyone that please give more', 2, 'push.wav', '2014-10-17 19:15:57', 2),
(597, 6, 14, 'We held meeting on 13 october evening time. By-Nathan Terrell', 2, 'push.wav', '2014-10-17 19:19:55', 2),
(598, 6, 14, 'We held meeting on 13 october evening time. By-Pratik Patel', 2, 'push.wav', '2014-10-17 19:19:59', 2),
(599, 6, 14, 'We held meeting on 13 october evening time.We held meeting on 13 october evening time.We held meeting on 13 october evening time.We held meeting on 13 october evening time.We held meeting on 13 october evening time.We held meeting on 13 october eveni', 2, 'push.wav', '2014-10-17 19:26:42', 2),
(600, 6, 16, 'Message for Himanshu', 2, 'push.wav', '2014-10-17 19:44:45', 2),
(601, 6, 16, 'Message for Himanshu', 2, 'push.wav', '2014-10-17 19:51:46', 2),
(602, 6, 14, 'Dear All We will have today meeting at 7 PM at Conference Room , For All Vidalta Aparment Owners Dear All We will have today meeting at 7 PM at Conference Room , For All Vidalta Aparment Owners\nDear All We will have today meeting at 7 PM at Conferenc', 2, 'push.wav', '2014-10-17 20:03:44', 2),
(603, 6, 14, 'Dear All We will have today meeting at 7 PM at Conference Room , For All Vidalta Aparment Owners Dear All We will have today meeting at 7 PM at Conference Room , For All Vidalta Aparment Owners\nDear All We will have today meeting at 7 PM at Conferenc', 2, 'push.wav', '2014-10-17 20:03:58', 2),
(604, 6, 14, 'Dear All We will have today meeting at 7 PM at Conference Room , For All Vidalta Aparment Owners Dear All We will have today meeting at 7 PM at Conference Room , For All Vidalta Aparment Owners\nDear All We will have today meeting at 7 PM at Conferenc', 2, 'push.wav', '2014-10-17 20:04:05', 2),
(605, 6, 15, 'Dear All We will have today meeting at 7 PM at Conference Room , For All Vidalta Aparment Owners Dear All We will have today meeting at 7 PM at Conference Room , For All Vidalta Aparment Owners\nDear All We will have today meeting at 7 PM at Conferenc', 2, 'push.wav', '2014-10-17 20:04:06', 2),
(606, 6, 14, 'Dear All We will have today meeting at 7 PM at Conference Room , For All Vidalta Aparment Owners Dear All We will have today meeting at 7 PM at Conference Room , For All Vidalta Aparment Owners\nDear All We will have today meeting at 7 PM at Conferenc', 2, 'push.wav', '2014-10-17 20:04:12', 2),
(607, 6, 14, 'Please collect your waterbill,Please collect your waterbill,Please collect your waterbill,Please collect your waterbill,Please collect your waterbill,Please collect your waterbill,Please collect your waterbill,Please collect your waterbill,Please col', 2, 'push.wav', '2014-10-17 20:18:46', 2),
(608, 6, 14, 'Please collect your waterbill,Please collect your waterbill,Please collect your waterbill,Please collect your waterbill,Please collect your waterbill,Please collect your waterbill,Please collect your waterbill,Please collect your waterbill,Please col', 2, 'push.wav', '2014-10-17 20:26:43', 2),
(609, 6, 14, 'Please collect your waterbill,Please collect your waterbill,Please collect your waterbill,Please collect your waterbill,Please collect your waterbill,Please collect your waterbill,Please collect your waterbill,Please collect your waterbill,Please col', 2, 'push.wav', '2014-10-17 20:29:44', 2),
(610, 6, 17, 'Notificacin de prueba para un dispositivo de Albert Mizrahi', 2, 'push.wav', '2014-10-17 21:41:44', 2),
(611, 6, 17, 'demo', 2, 'push.wav', '2014-10-17 22:42:44', 2),
(612, 6, 15, 'DEmo 4th Time', 2, 'push.wav', '2014-10-17 22:57:45', 2),
(613, 6, 15, 'La alberca estar cerrada el Domingo por reparaciones.', 2, 'push.wav', '2014-10-18 07:54:47', 2),
(614, 6, 18, 'Fund Collection For Charity, Fund Collection For Charity, Fund Collection For Charity, Fund Collection For Charity, Fund Collection For Charity, Fund Collection For Charity, Fund Collection For Charity, Fund Collection For Charity, Fund Collection Fo', 2, 'push.wav', '2014-10-18 15:46:50', 2),
(615, 6, 18, 'Please collect your LightBill, Please collect your LightBill, Please collect your LightBill, Please collect your LightBill, Please collect your LightBill, Please collect your LightBill, Please collect your LightBill, Please collect your LightBill, Pl', 2, 'push.wav', '2014-10-18 15:52:49', 2),
(616, 6, 18, 'Please collect your LightBill, Please collect your LightBill, Please collect your LightBill, Please collect your LightBill, Please collect your LightBill, Please collect your LightBill, Please collect your LightBill, Please collect your LightBill, Pl', 2, 'push.wav', '2014-10-18 15:54:50', 2),
(617, 6, 18, 'Meeting, Meeting, Meeting, Meeting, Meeting, Meeting, Meeting, Meeting, Meeting, Meeting, Meeting, Meeting, Meeting, Meeting, Meeting, Meeting, Meeting, Meeting, Meeting, Meeting, Meeting, Meeting, Meeting, Meeting, Meeting, Meeting, Meeting, Meeting', 2, 'push.wav', '2014-10-18 15:59:49', 2),
(618, 6, 18, 'We have a meeting at 10 PM, So present in Conference Room.', 2, 'push.wav', '2014-10-18 16:06:49', 2),
(619, 6, 18, 'We have a meeting at 10 PM, So present in Conference Room.', 2, 'push.wav', '2014-10-18 16:30:49', 2),
(620, 6, 18, 'We have meeting at 10PM for Trip.', 2, 'push.wav', '2014-10-18 17:48:49', 2),
(621, 6, 18, 'We have meeting at 10PM for Trip.', 2, 'push.wav', '2014-10-18 17:59:49', 2),
(622, 6, 18, 'We have meeting at 10PM for Trip.', 2, 'push.wav', '2014-10-18 18:03:52', 2),
(623, 6, 18, 'Collect fund for charity.', 2, 'push.wav', '2014-10-18 18:37:10', 2),
(624, 6, 18, 'Collect fund for charity.', 2, 'push.wav', '2014-10-18 18:37:22', 2),
(625, 6, 18, 'Collect fund for charity.', 2, 'push.wav', '2014-10-18 18:39:23', 2),
(626, 6, 18, 'Collect fund for charity.', 2, 'push.wav', '2014-10-18 18:50:20', 2),
(627, 6, 18, 'Please Collect your lightbill.', 2, 'push.wav', '2014-10-18 18:50:42', 2),
(628, 6, 18, 'Collect fund for charity.', 2, 'push.wav', '2014-10-18 19:08:13', 2),
(629, 6, 18, 'Please Collect your lightbill.', 2, 'push.wav', '2014-10-18 19:08:40', 2),
(630, 6, 18, 'Please Collect your lightbill.', 2, 'push.wav', '2014-10-18 19:12:05', 2),
(631, 6, 18, 'Collect fund for charity.', 2, 'push.wav', '2014-10-18 19:12:12', 2),
(632, 6, 18, 'Collect fund for charity.', 2, 'push.wav', '2014-10-18 19:13:11', 2),
(633, 6, 18, 'Collect fund for charity.', 2, 'push.wav', '2014-10-18 19:19:35', 2),
(634, 6, 18, 'Collect fund for charity.', 2, 'push.wav', '2014-10-18 19:31:51', 2),
(635, 6, 18, 'Collect fund for charity.', 2, 'push.wav', '2014-10-18 19:32:50', 2),
(636, 6, 18, 'Collect fund for charity.', 2, 'push.wav', '2014-10-18 19:45:43', 2),
(637, 6, 18, 'Collect fund for charity.', 2, 'push.wav', '2014-10-18 19:46:47', 2),
(638, 6, 18, 'Please Collect your lightbill.', 2, 'push.wav', '2014-10-18 19:47:11', 2),
(639, 6, 18, 'Please Collect your lightbill.', 2, 'push.wav', '2014-10-18 19:47:28', 2),
(640, 6, 18, 'Collect fund for charity.', 2, 'push.wav', '2014-10-18 19:47:35', 2),
(641, 6, 18, 'Collect fund for charity.', 2, 'push.wav', '2014-10-18 19:54:22', 2),
(642, 6, 18, 'Collect fund for charity.', 2, 'push.wav', '2014-10-18 19:54:31', 2),
(643, 6, 18, 'Please Collect your lightbill.', 2, 'push.wav', '2014-10-18 19:54:41', 2),
(644, 6, 18, 'Please Collect your lightbill.', 2, 'push.wav', '2014-10-18 19:55:02', 2),
(645, 6, 18, 'Thanks', 2, 'push.wav', '2014-10-18 20:04:55', 2),
(646, 6, 18, 'Thanks', 2, 'push.wav', '2014-10-18 20:07:02', 2),
(647, 6, 18, 'We Have Collected Some funds for Charity.', 2, 'push.wav', '2014-10-20 09:48:05', 2),
(648, 6, 18, 'We have Organize Garba in this navratri!', 2, 'push.wav', '2014-10-20 10:46:59', 2),
(649, 6, 18, 'We have Organize Garba in this navratri!', 2, 'push.wav', '2014-10-20 10:48:05', 2),
(650, 6, 18, 'We have Organize Garba in this navratri!', 2, 'push.wav', '2014-10-20 10:50:29', 2),
(651, 6, 18, 'We have Organize Garba in this navratri!', 2, 'push.wav', '2014-10-20 10:54:19', 2),
(652, 6, 18, 'Please Collect your waterbill.', 2, 'push.wav', '2014-10-20 10:54:20', 2),
(653, 6, 18, 'Please Collect your waterbill.', 2, 'push.wav', '2014-10-20 11:07:52', 2),
(654, 6, 18, 'Please Collect your waterbill.', 2, 'push.wav', '2014-10-20 11:10:27', 2),
(655, 6, 18, 'Please Collect your waterbill.', 2, 'push.wav', '2014-10-20 14:33:31', 2),
(656, 6, 18, 'Please Collect your waterbill.', 2, 'push.wav', '2014-10-20 18:04:24', 2),
(657, 6, 19, 'Please Collect your waterbill.', 2, 'push.wav', '2014-10-20 18:41:41', 2),
(658, 6, 19, 'Please Collect your waterbill.', 2, 'push.wav', '2014-10-20 18:42:15', 2),
(659, 6, 19, 'Please Collect your waterbill.', 2, 'push.wav', '2014-10-20 18:45:00', 2),
(660, 6, 19, 'Please Collect your waterbill.', 2, 'push.wav', '2014-10-20 19:10:01', 2),
(661, 6, 19, 'Please Collect your waterbill.', 2, 'push.wav', '2014-10-20 19:34:20', 2),
(662, 6, 19, 'We have Organize Garba in this navratri!', 2, 'push.wav', '2014-10-20 19:40:02', 2),
(663, 6, 19, 'We have Organize Garba in this navratri!', 2, 'push.wav', '2014-10-20 19:45:01', 2),
(664, 6, 19, 'We have Organize Garba in this navratri!', 2, 'push.wav', '2014-10-20 19:47:01', 2),
(665, 6, 19, 'We have Organize Garba in this navratri!', 2, 'push.wav', '2014-10-20 20:09:35', 2),
(666, 6, 20, 'Nos permitimos hacer de su conocimiento que debido a las inclemencias del clima y por su seguridad, CFE programo la libranza para el da Martes 21 de 8AM a 8PM.\nAgradecemos su comprension y les pedimos tomen sus precauciones el da de maana.', 2, 'push.wav', '2014-10-20 22:27:17', 2),
(667, 6, 20, 'Nos permitimos hacer de su conocimiento que debido a las inclemencias del clima y por su seguridad, CFE programo la libranza para el da Martes 21 de 8AM a 8PM.\nAgradecemos su comprension y les pedimos tomen sus precauciones el da de maana.', 2, 'push.wav', '2014-10-21 05:05:19', 2),
(668, 6, 21, 'Nos permitimos hacer de su conocimiento que debido a las inclemencias del clima y por su seguridad, CFE programo la libranza para el da Martes 21 de 8AM a 8PM.\nAgradecemos su comprension y les pedimos tomen sus precauciones el da de maana.', 2, 'push.wav', '2014-10-21 05:05:20', 2),
(669, 6, 20, 'No estar abierta la alberca el Domingo', 2, 'push.wav', '2014-10-21 05:07:14', 2),
(670, 6, 21, 'No estar abierta la alberca el Domingo', 2, 'push.wav', '2014-10-21 05:07:14', 2),
(671, 6, 20, 'Nos permitimos hacer de su conocimiento que debido a las inclemencias del clima y por su seguridad, CFE programo la libranza para el da Martes 21 de 8AM a 8PM.\nAgradecemos su comprension y les pedimos tomen sus precauciones el da de maana.', 2, 'push.wav', '2014-10-21 05:08:04', 2),
(672, 6, 21, 'Nos permitimos hacer de su conocimiento que debido a las inclemencias del clima y por su seguridad, CFE programo la libranza para el da Martes 21 de 8AM a 8PM.\nAgradecemos su comprension y les pedimos tomen sus precauciones el da de maana.', 2, 'push.wav', '2014-10-21 05:08:05', 2),
(673, 6, 20, 'No estar abierta la alberca el Domingo', 2, 'push.wav', '2014-10-21 05:08:05', 2),
(674, 6, 21, 'No estar abierta la alberca el Domingo', 2, 'push.wav', '2014-10-21 05:08:06', 2),
(675, 6, 19, 'Please collect your electricity bill from watchman.', 2, 'push.wav', '2014-10-21 10:37:58', 2),
(676, 6, 19, 'Please collect your electricity bill from watchman.', 2, 'push.wav', '2014-10-21 10:38:39', 2),
(677, 6, 19, 'Please collect your electricity bill from watchman.', 2, 'push.wav', '2014-10-21 11:08:17', 2),
(678, 6, 19, 'Please Collect your water bill from watchman', 2, 'push.wav', '2014-10-21 11:09:15', 2),
(679, 6, 19, 'Please collect your electricity bill from watchman.', 2, 'push.wav', '2014-10-21 11:27:06', 2),
(680, 6, 19, 'We have decided to collect 1000 rs for charity.', 2, 'push.wav', '2014-10-21 11:27:07', 2),
(681, 6, 19, 'We have organize garba event in this navratri.', 2, 'push.wav', '2014-10-21 11:27:08', 2),
(682, 6, 19, 'Please collect your electricity bill from watchman.', 2, 'push.wav', '2014-10-21 11:31:00', 2),
(683, 6, 19, 'Please Collect your water bill from watchman', 2, 'push.wav', '2014-10-21 11:31:02', 2),
(684, 6, 19, 'We have decided to collect 1000 rs for charity.', 2, 'push.wav', '2014-10-21 11:31:03', 2),
(685, 6, 19, 'We have organize garba event in this navratri.', 2, 'push.wav', '2014-10-21 11:31:04', 2),
(686, 6, 19, 'We have organize garba event in this navratri.', 2, 'push.wav', '2014-10-21 11:33:05', 2),
(687, 6, 19, 'Please collect your electricity bill from watchman.', 2, 'push.wav', '2014-10-21 11:41:05', 2),
(688, 6, 19, 'Please Collect your water bill from watchman', 2, 'push.wav', '2014-10-21 11:41:07', 2),
(689, 6, 19, 'We have decided to collect 1000 rs for charity.', 2, 'push.wav', '2014-10-21 11:41:08', 2),
(690, 6, 19, 'We have organize garba event in this navratri.', 2, 'push.wav', '2014-10-21 11:41:10', 2),
(691, 6, 19, 'We have organize garba event in this navratri.', 2, 'push.wav', '2014-10-21 11:44:28', 2),
(692, 6, 19, 'We have decided to collect 1000 rs for charity.', 2, 'push.wav', '2014-10-21 11:45:11', 2),
(693, 6, 19, 'We have organize garba event in this navratri.', 2, 'push.wav', '2014-10-21 11:59:44', 2),
(694, 6, 19, 'Just For Testing1', 2, 'push.wav', '2014-10-21 15:44:22', 2),
(695, 6, 19, 'Just For Testing2', 2, 'push.wav', '2014-10-21 15:44:23', 2),
(696, 6, 19, 'Fund Collection For Charity', 2, 'push.wav', '2014-10-21 20:18:09', 2),
(697, 6, 19, 'Waterbill', 2, 'push.wav', '2014-10-21 20:19:08', 2),
(698, 6, 19, 'Fund Collection For Charity', 2, 'push.wav', '2014-10-21 20:25:07', 2),
(699, 6, 19, 'Waterbill', 2, 'push.wav', '2014-10-22 10:34:56', 2),
(700, 6, 19, 'Fund Collection For Charity', 2, 'push.wav', '2014-10-22 10:43:37', 2),
(701, 6, 19, 'Hello All,\r\nWe have organize meeting at 10pm on 29th Aug for Charity Fund collection\r\nVenue: Karnavati Club\r\nThanks', 2, 'push.wav', '2014-10-27 10:28:43', 2),
(702, 6, 19, 'Hello All,\r\nWe have organize meeting at 10pm on 29th Aug for Charity Fund collection\r\nVenue: Karnavati Club\r\nThanks', 2, 'push.wav', '2014-10-27 10:40:09', 2),
(703, 6, 19, 'Hello All,\r\nWe have organize meeting at 10pm on 29th Aug for Charity Fund collection\r\nVenue: Karnavati Club\r\nThanks', 2, 'push.wav', '2014-10-27 10:42:25', 2),
(704, 6, 19, 'Hello All,\r\nWe have organize meeting at 11pm on 30th Aug for Charity Fund collection\r\nVenue: Karnavati Club\r\nThanks', 2, 'push.wav', '2014-10-27 10:44:33', 2),
(705, 6, 19, 'Hello All,\r\nWe have organize meeting at 11pm on 30th Aug for Charity Fund collection\r\nVenue: Karnavati Club\r\nThanks', 2, 'push.wav', '2014-10-27 10:46:44', 2),
(706, 6, 19, 'Hello All,\r\nWe have a match at 9PM on 31st August.\r\nThanks', 2, 'push.wav', '2014-10-27 10:57:33', 2),
(707, 6, 19, 'Hello All,\r\nWe have organize meeting at 11pm on 30th Aug for Charity Fund collection\r\nVenue: Karnavati Club\r\nThanks', 2, 'push.wav', '2014-10-27 10:59:26', 2),
(708, 6, 19, 'Hello All,\r\nWe have a match at 9PM on 31st August.\r\nThanks', 2, 'push.wav', '2014-10-27 10:59:27', 2),
(709, 6, 19, 'Hello All,\r\nWe have organize meeting at 11pm on 30th Aug for Charity Fund collection\r\nVenue: Karnavati Club\r\nThanks', 2, 'push.wav', '2014-10-27 11:44:24', 2),
(710, 6, 19, 'Hello All,\r\nWe have a match at 9PM on 31st August.\r\nThanks', 2, 'push.wav', '2014-10-27 11:44:25', 2),
(711, 6, 19, 'Hello All,\r\nWe have organize meeting at 11pm on 30th Aug for Charity Fund collection\r\nVenue: Karnavati Club\r\nThanks', 2, 'push.wav', '2014-10-27 11:45:02', 2),
(712, 6, 19, 'Hello All,\r\nWe have a match at 9PM on 31st August.\r\nThanks', 2, 'push.wav', '2014-10-27 11:45:04', 2),
(713, 6, 19, 'Hello All,\r\nWe have a match at 9PM on 31st August.\r\nThanks', 2, 'push.wav', '2014-10-27 11:52:30', 2),
(714, 6, 19, 'Hello All,\r\nWe have organize meeting at 11pm on 30th Aug for Charity Fund collection\r\nVenue: Karnavati Club\r\nThanks', 2, 'push.wav', '2014-10-27 11:57:57', 2),
(715, 6, 19, 'Hello All,\r\nWe have a match at 9PM on 31st August.\r\nThanks', 2, 'push.wav', '2014-10-27 11:57:59', 2),
(716, 6, 19, 'Hello All,\r\nWe have organize meeting at 11pm on 30th Aug for Charity Fund collection\r\nVenue: Karnavati Club\r\nThanks', 2, 'push.wav', '2014-10-27 16:28:35', 2),
(717, 6, 19, 'Hello All,\r\nWe have a match at 9PM on 31st August.\r\nThanks', 2, 'push.wav', '2014-10-27 16:47:48', 2),
(718, 6, 19, 'Hello All,\r\nWe have a match at 9PM on 31st August.\r\nThanks', 2, 'push.wav', '2014-10-27 16:51:17', 2),
(719, 6, 19, 'Hello All,\r\nWe have a match at 9PM on 31st August.\r\nThanks', 2, 'push.wav', '2014-10-27 17:00:12', 2),
(720, 6, 19, 'Hello All,\r\nWe have a match at 9PM on 31st August.\r\nThanks', 2, 'push.wav', '2014-11-03 21:50:20', 2),
(721, 6, 19, 'Hello All,\r\nWe have organize meeting at 11pm on 30th Aug for Charity Fund collection\r\nVenue: Karnavati Club\r\nThanks', 2, 'push.wav', '2014-11-03 21:50:32', 2),
(722, 6, 19, 'Hello All,\r\nWe have organize meeting at 11pm on 30th Aug for Charity Fund collection\r\nVenue: Karnavati Club\r\nThanks', 2, 'push.wav', '2014-11-03 21:51:06', 2),
(723, 6, 19, 'Hello All,\r\nWe have a match at 9PM on 31st August.\r\nThanks', 2, 'push.wav', '2014-11-03 21:51:07', 2),
(724, 6, 19, 'Hello All,\r\nWe have organize meeting at 11pm on 30th Aug for Charity Fund collection\r\nVenue: Karnavati Club\r\nThanks', 2, 'push.wav', '2014-11-03 21:52:43', 2),
(725, 6, 19, 'Hello All,\r\nWe have a match at 9PM on 31st August.\r\nThanks', 2, 'push.wav', '2014-11-03 21:52:45', 2),
(726, 6, 19, 'Hello All,\r\nWe have organize meeting at 11pm on 30th Aug for Charity Fund collection\r\nVenue: Karnavati Club\r\nThanks', 2, 'push.wav', '2014-11-03 21:53:26', 2),
(727, 6, 19, 'Hello All,\r\nWe have a match at 9PM on 31st August.\r\nThanks', 2, 'push.wav', '2014-11-03 21:53:28', 2),
(728, 6, 19, 'Hello,\r\nYou got it\r\nThanks', 2, 'push.wav', '2014-12-09 18:03:03', 2),
(729, 6, 24, 'Hello,\r\nYou got it\r\nThanks', 2, 'push.wav', '2014-12-09 18:03:03', 2),
(730, 6, 24, 'Hello,\r\nYou got it\r\nThanks', 2, 'push.wav', '2014-12-09 18:03:04', 2),
(731, 6, 19, 'Hello,\r\nYou got it\r\nThanks', 2, 'push.wav', '2014-12-09 18:03:35', 2),
(732, 6, 24, 'Hello,\r\nYou got it\r\nThanks', 2, 'push.wav', '2014-12-09 18:03:36', 2),
(733, 6, 24, 'Hello,\r\nYou got it\r\nThanks', 2, 'push.wav', '2014-12-09 18:03:37', 2),
(734, 6, 19, 'Hello,\r\nYou got it\r\nThanks', 2, 'push.wav', '2014-12-09 18:05:03', 2),
(735, 6, 24, 'Hello,\r\nYou got it\r\nThanks', 2, 'push.wav', '2014-12-09 18:05:03', 2),
(736, 6, 24, 'Hello,\r\nYou got it\r\nThanks', 2, 'push.wav', '2014-12-09 18:05:04', 2),
(737, 6, 19, 'Hello,\r\nYou got it\r\nThanks', 2, 'push.wav', '2014-12-09 18:07:20', 2),
(738, 6, 24, 'Hello,\r\nYou got it\r\nThanks', 2, 'push.wav', '2014-12-09 18:07:21', 2),
(739, 6, 24, 'Hello,\r\nYou got it\r\nThanks', 2, 'push.wav', '2014-12-09 18:07:21', 2),
(740, 6, 19, 'We have Final meeting for Deployment of the App by today after Extensive testing we will upload to live as this is demo version of the app', 2, 'push.wav', '2014-12-09 18:07:23', 2),
(741, 6, 24, 'We have Final meeting for Deployment of the App by today after Extensive testing we will upload to live as this is demo version of the app', 2, 'push.wav', '2014-12-09 18:07:23', 2),
(742, 6, 24, 'We have Final meeting for Deployment of the App by today after Extensive testing we will upload to live as this is demo version of the app', 2, 'push.wav', '2014-12-09 18:07:24', 2),
(743, 6, 19, 'Great Testing', 2, 'push.wav', '2014-12-09 18:07:25', 2),
(744, 6, 24, 'Great Testing', 2, 'push.wav', '2014-12-09 18:07:25', 2),
(745, 6, 24, 'Great Testing', 2, 'push.wav', '2014-12-09 18:07:26', 2),
(746, 6, 24, 'Hello,\r\nYou got it\r\nThanks', 2, 'push.wav', '2014-12-09 18:26:46', 2),
(747, 6, 24, 'Hello,\r\nYou got it\r\nThanks', 2, 'push.wav', '2014-12-09 18:27:45', 2),
(748, 6, 24, 'We have Final meeting for Deployment of the App by today after Extensive testing we will upload to live as this is demo version of the app', 2, 'push.wav', '2014-12-09 18:27:47', 2),
(749, 6, 24, 'Great Testing', 2, 'push.wav', '2014-12-09 18:27:48', 2),
(750, 6, 24, 'We have Final meeting for Deployment of the App by today after Extensive testing we will upload to live as this is demo version of the app', 2, 'push.wav', '2014-12-09 18:28:37', 2),
(751, 6, 24, 'Great Testing', 2, 'push.wav', '2014-12-09 18:28:48', 2),
(752, 6, 24, 'Hello,\r\nYou got it\r\nThanks', 2, 'push.wav', '2014-12-09 18:28:54', 2),
(753, 6, 24, 'Great Testing', 2, 'push.wav', '2014-12-09 18:30:06', 2),
(754, 6, 24, 'Great Testing', 2, 'push.wav', '2014-12-09 18:30:39', 2),
(755, 6, 24, 'Great Testing', 2, 'push.wav', '2014-12-09 18:33:23', 2),
(756, 6, 24, 'Hello\r\nNotify For Nikunj\r\nThanks', 2, 'push.wav', '2014-12-09 19:19:15', 2),
(757, 6, 24, 'Hello\r\nNotify All Guys\r\nThanks', 2, 'push.wav', '2014-12-09 19:21:17', 2),
(758, 6, 24, 'Hello\r\nNotify All Guys\r\nThanks', 2, 'push.wav', '2014-12-09 19:21:30', 2),
(759, 6, 24, 'Hello\r\nNotify All Guys\r\nThanks', 2, 'push.wav', '2014-12-09 19:23:11', 2),
(760, 6, 19, 'Hello\r\nThis is for testing\r\nThanks', 2, 'push.wav', '2014-12-10 18:21:03', 2),
(761, 6, 19, 'Hello\r\nThis is for testing\r\nThanks', 2, 'push.wav', '2014-12-10 18:21:24', 2),
(762, 6, 19, 'Hello\r\nThis is for testing\r\nThanks', 2, 'push.wav', '2014-12-11 04:18:21', 2),
(763, 6, 19, 'Hello\r\nThis is for testing\r\nThanks', 2, 'push.wav', '2014-12-11 15:42:38', 2),
(764, 6, 19, 'Hello\r\nPlease collect your lightbill', 2, 'push.wav', '2014-12-11 15:42:40', 2),
(765, 6, 19, 'Hello\r\nThanks', 2, 'push.wav', '2014-12-11 15:42:42', 2),
(766, 6, 19, 'Hello\r\nThanks', 2, 'push.wav', '2014-12-11 15:42:44', 2),
(767, 6, 19, 'Hello\r\nThanks', 2, 'push.wav', '2014-12-11 15:42:46', 2),
(768, 6, 19, 'Hello\r\nThis is for testing\r\nThanks', 2, 'push.wav', '2014-12-11 15:43:59', 2),
(769, 6, 19, 'Hello\r\nPlease collect your lightbill', 2, 'push.wav', '2014-12-11 15:44:01', 2),
(770, 6, 19, 'Hello\r\nThanks', 2, 'push.wav', '2014-12-11 15:44:03', 2),
(771, 6, 19, 'Hello\r\nThanks', 2, 'push.wav', '2014-12-11 15:44:04', 2),
(772, 6, 19, 'Hello\r\nThanks', 2, 'push.wav', '2014-12-11 15:44:06', 2),
(773, 6, 19, 'Hello\r\nThanks', 2, 'push.wav', '2014-12-11 22:08:26', 2),
(774, 6, 19, 'Hello\r\nPlease collect your lightbill', 2, 'push.wav', '2014-12-12 03:08:27', 2),
(775, 6, 19, 'Hello\r\nThanks', 2, 'push.wav', '2014-12-12 03:08:29', 2),
(776, 6, 19, 'Hello\r\nThanks', 2, 'push.wav', '2014-12-12 03:08:34', 2),
(777, 6, 19, 'This is testing notification for apple', 2, 'push.wav', '2014-12-19 23:45:44', 2),
(778, 6, 19, 'Testing 2', 2, 'push.wav', '2014-12-19 23:46:44', 2),
(779, 6, 19, 'Testing 2', 2, 'push.wav', '2014-12-20 13:21:48', 2);

-- --------------------------------------------------------

--
-- Table structure for table `Servers`
--

CREATE TABLE IF NOT EXISTS `Servers` (
  `ServerId` int(11) NOT NULL AUTO_INCREMENT,
  `Server Name` varchar(100) COLLATE utf8_unicode_ci NOT NULL,
  `ServerUrl` varchar(300) COLLATE utf8_unicode_ci NOT NULL,
  `ServerTypeId` int(11) NOT NULL,
  PRIMARY KEY (`ServerId`)
) ENGINE=InnoDB  DEFAULT CHARSET=utf8 COLLATE=utf8_unicode_ci AUTO_INCREMENT=5 ;

--
-- Dumping data for table `Servers`
--

INSERT INTO `Servers` (`ServerId`, `Server Name`, `ServerUrl`, `ServerTypeId`) VALUES
(1, 'Development Push Notitification Server', 'ssl://gateway.sandbox.push.apple.com:2195', 1),
(2, 'Production - Push Notification Server', 'ssl://gateway.push.apple.com:2195', 1),
(3, 'Development - Feedback Server', 'ssl://feedback.sandbox.push.apple.com:2196', 2),
(4, 'Production - Feedback Server', 'ssl://feedback.push.apple.com:2196', 2);

-- --------------------------------------------------------

--
-- Table structure for table `sms`
--

CREATE TABLE IF NOT EXISTS `sms` (
  `iSmsId` int(11) NOT NULL AUTO_INCREMENT,
  `iFUserId` int(11) NOT NULL,
  `iTUserId` int(11) NOT NULL,
  `vText` varchar(255) NOT NULL,
  `dDate` datetime NOT NULL,
  PRIMARY KEY (`iSmsId`)
) ENGINE=InnoDB DEFAULT CHARSET=utf8 AUTO_INCREMENT=1 ;

-- --------------------------------------------------------

--
-- Table structure for table `token`
--

CREATE TABLE IF NOT EXISTS `token` (
  `iTokenId` int(11) NOT NULL AUTO_INCREMENT,
  `vDeviceid` varchar(100) NOT NULL,
  `vAccessToken` varchar(200) NOT NULL,
  `vUserName` varchar(100) NOT NULL,
  `vUserId` varchar(100) NOT NULL,
  PRIMARY KEY (`iTokenId`)
) ENGINE=MyISAM  DEFAULT CHARSET=latin1 AUTO_INCREMENT=5 ;

-- --------------------------------------------------------

--
-- Table structure for table `user`
--

CREATE TABLE IF NOT EXISTS `user` (
  `iUserId` int(11) NOT NULL AUTO_INCREMENT,
  `iAppId` int(11) NOT NULL,
  `vDeviceid` varchar(255) CHARACTER SET latin1 NOT NULL,
  `vDevicename` varchar(255) CHARACTER SET latin1 NOT NULL,
  `vVerifiedNumber` varchar(255) COLLATE utf8_bin NOT NULL,
  `vToken` text COLLATE utf8_bin NOT NULL,
  `vType` enum('IOS','Android') COLLATE utf8_bin NOT NULL DEFAULT 'IOS',
  `ePushNotification` enum('Yes','No') COLLATE utf8_bin NOT NULL DEFAULT 'Yes',
  `vFirstname` varchar(32) CHARACTER SET latin1 NOT NULL DEFAULT '',
  `vLastname` varchar(32) CHARACTER SET latin1 NOT NULL DEFAULT '',
  `vEmail` varchar(96) CHARACTER SET latin1 NOT NULL DEFAULT '',
  `vPhone` varchar(100) COLLATE utf8_bin DEFAULT NULL,
  `vTPhone` varchar(255) COLLATE utf8_bin NOT NULL,
  `vCountry` varchar(255) COLLATE utf8_bin DEFAULT NULL,
  `vState` varchar(255) COLLATE utf8_bin DEFAULT NULL,
  `vCity` varchar(255) COLLATE utf8_bin DEFAULT NULL,
  `eStatus` enum('Active','Inactive') COLLATE utf8_bin NOT NULL DEFAULT 'Inactive',
  PRIMARY KEY (`iUserId`),
  KEY `icountry` (`vCountry`)
) ENGINE=MyISAM  DEFAULT CHARSET=utf8 COLLATE=utf8_bin AUTO_INCREMENT=209 ;

--
-- Dumping data for table `user`
--

INSERT INTO `user` (`iUserId`, `iAppId`, `vDeviceid`, `vDevicename`, `vVerifiedNumber`, `vToken`, `vType`, `ePushNotification`, `vFirstname`, `vLastname`, `vEmail`, `vPhone`, `vTPhone`, `vCountry`, `vState`, `vCity`, `eStatus`) VALUES
(13, 2, '40ED2A0E-750F-4C16-BE2D-39FEDDE0B5AC', 'iPod touch', '', '4c6208fc7e842ecab1ef888afab464450e737902e2dda81102ab4a356c1e7d1a', 'IOS', 'Yes', '', '', '', NULL, '', NULL, NULL, NULL, 'Inactive'),
(2, 2, '68A2EA79-7204-4197-8E59-68DE8A6CFB21', 'Himanshu Mistry', '', '4dd11aa30cc24f87b1632ab6e2c651d0e895d027e1d314c3f887767cdfa375e5', 'IOS', 'Yes', '', '', '', NULL, '', NULL, NULL, NULL, 'Inactive'),
(3, 2, '11715d578ade656d', 'undefined', '', 'APA91bG_WD6KJCu7vqnln-Qa-dFVJrQsLPRWqxGOkGgthY0EdEQRom8LyplnxNuK6HU3fTQLwucO3R2EmVSa3wwHFWoHswoh4_KUpt_yinfwJOPgI5fe9tpahmzUa8WyEBA1YWdqyOQNms61Fh58cMdqUb1Jo_laOQ', 'Android', 'Yes', '', '', '', NULL, '', NULL, NULL, NULL, 'Inactive'),
(4, 2, 'd8bc01a909c661b3', 'undefined', '', 'APA91bEtcrv1zxf4EODjlYTr-uTQWglAa9zmSRVVHNFtys88Rhnuvw_LCRr3TS4PK8doVKFJxaJ_8VfEpcwdBR2puRQKhaAiptiwrlbNytL_AxBon8I1JbAlpNrnQoxHg8iVHOMQpzxHQhOVG60qoJa9KDdH7sUdrQ', 'Android', 'Yes', '', '', '', NULL, '', NULL, NULL, NULL, 'Inactive'),
(5, 2, '96F21705-1A85-463B-BF06-DE40CB06C681', 'My iPhone', '', 'e7533364479a9606179435516c60ef8ab1eee5299149f7069840146f9b50de9c', 'IOS', 'Yes', '', '', '', NULL, '', NULL, NULL, NULL, 'Inactive'),
(14, 2, '6735f7cb7b1f2f4a', 'undefined', '', 'APA91bHqm0g2s0ucz-E6UPWh27xz_QfOpl5_VOB6onhKfp5vag0F8SHy28PFf1vpcA97cQn7dkvwKb6Xrj7dgpXY24TfnI4KOrTu3WhcJHn6Xt-jz83X4JhC24xpXryavLSr8oH2i7YtNMiZExTkX6xI4x97_NGkaw', 'Android', 'Yes', '', '', '', NULL, '', NULL, NULL, NULL, 'Inactive'),
(12, 2, '1a4f17fdc91319fa', 'undefined', '', 'APA91bEj1A6nWjjpT6h-nOqeFBADN6P0nt0-y8d9w2SBq4G5dycROF5JfGCzwRubYm-2skxNTff0CextRa6AATF5zEhHTqqYzsR_62jw0wBJXjrYPBU41NlfpAAj1W37EeU6ERuPOSZxXtYhMjDtu36rbV0XhAjY06iirq54iDaY7Iz5qnu5LVc', 'Android', 'Yes', '', '', '', NULL, '', NULL, NULL, NULL, 'Inactive'),
(8, 2, 'c483ace11cb35e5f', 'undefined', '', 'APA91bH2plcJVTn7I61GhVpwu7fugSN1lDzltYj1kE1j9mJ1YCPsCNsR70S3V2b8MtFZQAKxzUU9lDKLyGVZFjU-p_BIs9R0TLultvfOQ3m2XwKeXFEKSLHL_QgKP8g1VOZHmkd4F3Wh5_y2_nDD0_AuFiXlmIkJ3zt0ipAoTwuCIDv0gOdm7M8', 'Android', 'Yes', '', '', '', NULL, '', NULL, NULL, NULL, 'Inactive'),
(15, 2, '2fc2ae941699d9f', 'undefined', '', 'APA91bFP6ND8xUnQ2toq6cZT-wc1Q_hS0k9XqOUhi-y1uU1s8CuPnADWPyMQftYBU0Fp7dFNTDyEroqLcntqdTL6kkUkqM5RpLlyiGAcNTqen647XeqR0Q0_giUyMbeRZTdXltwkbLKj281ePKkxPNASZZsB7LNUbg', 'Android', 'Yes', '', '', '', NULL, '', NULL, NULL, NULL, 'Inactive'),
(16, 2, 'f68fc1758edb4be3', 'undefined', '', 'APA91bFMH_tDvyL14OvPicirGxkHKPw_EmdlXBF7-m6En9YvhBR6KVfE7-oio7B0XrIKlnre599UzjLdt_UQlJfP1nR61oViYVD8fqZUEGsIsqK0cM_q-AF6WahtycJhvPvCzxzj6YtvTZwlrMMcBYRjtZVEjXNj3bh5svip1N2Rq4cAqIrJIkQ', 'Android', 'Yes', '', '', '', NULL, '', NULL, NULL, NULL, 'Inactive'),
(17, 4, '1f0dc06a97837ec8', 'android', '', 'APA91bFF8WV2tIZMnRHX3n9cd_f5G8kZ_W9l6FA7ypq7J64gKQfOQnwxYRv5cBipXaL2-S1pYDD-k0ZVhI4Ucauq3YN_hJCoa9uZR6_-LKf4YyOxBCgp7P9iWNv9Pd6PRVUkyKrROs9_Q8k9R_yAX_NArJs5WEJr5Y_C_qzubL6UPzhQwNsYFr8', 'Android', 'Yes', '', '', '', NULL, '', NULL, NULL, NULL, 'Inactive'),
(65, 3, '911319650308978', 'Q600', '', 'APA91bEn2nERTDtOgS7mb0cqHIparTzlXGIWNSgdAgmS_0mXlWFQtGrJSioxVCRu-m3eKWY9tSZ2G3BNjR9qTxPCVn28OdlrNujf62SFZWw1z_eHIaJdzPQ0F_Vf3u2Qw-j4a2FV1bEBvsB7ZAVrlgEiMEceTgxOn3OXCD3ZWMcBccHX-j8t4l8', 'Android', 'Yes', '', '', '', NULL, '', NULL, NULL, NULL, 'Inactive'),
(64, 3, 'sd96325874', 'Spice', '', 'aaaaaaaaaaaaaaaaaaa', 'IOS', 'Yes', '', '', '', NULL, '', NULL, NULL, NULL, 'Inactive'),
(106, 4, '0123456789', 'c2305', '', '2131sdf131dfa5sd4f56a4s', 'Android', 'Yes', '', '', '', NULL, '', NULL, NULL, NULL, 'Inactive'),
(108, 4, 'a49e04bd67812a12', 'android', '', 'APA91bGyYfAyHpPlkzqCfmBg7bQFq3bRdzLPF5Qd1d1ZMN1FQ_i7_EXrKyNPLmPPyEHJUKN8pzXxRrckYWP6KA4CPIVi6IByIWVAjdGp46yspPHsnDQ-NThEPccAaW9m8cT95OKVRAFd3I8XaBd2GIYrqHRKYhL8A1wjrmEsuMw1Bkjq-RMmepA', 'Android', 'Yes', '', '', '', NULL, '', NULL, NULL, NULL, 'Inactive'),
(62, 3, '123  ', 'Abc', '', 'rtyuh', 'IOS', 'Yes', '', '', '', NULL, '', NULL, NULL, NULL, 'Inactive'),
(59, 3, '1234569F9A9', 'Android-123', '', 'faskfajksf215445545', 'Android', 'Yes', '', '', '', NULL, '', NULL, NULL, NULL, 'Inactive'),
(102, 4, 'a325d82b4c5641ab', 'android', '', 'APA91bFwCrFGKjep_HVyjN21QnuUSC2rdhJRkkatzu237gqGOZqG6ZCVrVT52iEttdnLAJNXlGVZrlsFBEpRqv_5YXbE3Cje4-kOSLYHTuuCTI0kqgM0TffhvCiKIXrannHIWl9hAEZZbrug6WdZqAf3JM6rvl5gCjgKxIMIoP-AAmjnjSXYqcI', 'Android', 'Yes', '', '', '', NULL, '', NULL, NULL, NULL, 'Inactive'),
(61, 0, '123456', 'test', '', 'amnsfbhasvfhasvfhasvbfh1211564sdfnv', 'Android', 'Yes', '', '', '', NULL, '', NULL, NULL, NULL, 'Inactive'),
(146, 6, 'C8C58CEC-1862-4BC2-ADB7-C96CC3018440', 'iPhone Simulator', '', '', 'IOS', 'Yes', '', '', '', NULL, '', NULL, NULL, NULL, 'Inactive'),
(127, 6, '33E328B0-71D1-454F-8678-E237A65AD41B', 'iPhone Simulator', '', '', 'IOS', 'Yes', '', '', '', NULL, '', NULL, NULL, NULL, 'Inactive'),
(147, 6, 'B9E38D43-ED07-4B15-857D-2ED9EF582912', 'Alberts iPhone', '', '97fa6201f685ffcbbf6fffd77b2b68793f36a85006ae68f690719a4adb11dd6d', 'IOS', 'Yes', '', '', '', NULL, '', NULL, NULL, NULL, 'Inactive'),
(145, 6, '286A173B-F7AC-45AC-82BF-87269E899FBA', 'TechiesTowns iPhone', '', '61b35252814963f7550fb3cdcb0ddb2259376fef9aca457ddc0c92c7f11ad723', 'IOS', 'Yes', '', '', '', NULL, '', NULL, NULL, NULL, 'Inactive'),
(85, 3, 'E9E3056C-157F-4180-B332-A759C1B4C689', 'iPhone Simulator', '', '', 'IOS', 'Yes', '', '', '', NULL, '', NULL, NULL, NULL, 'Inactive'),
(73, 3, 'FE18F11B-E7B1-4396-BF2F-772A13AA4CEF', 'iPhone Simulator', '', '', 'IOS', 'Yes', '', '', '', NULL, '', NULL, NULL, NULL, 'Inactive'),
(52, 3, '10C6FAB9-0676-4DF3-B3C2-16BA09F9F9A9', 'iPad', '', '', 'IOS', 'Yes', '', '', '', NULL, '', NULL, NULL, NULL, 'Inactive'),
(80, 3, '355666055533060', 'C6602', '', 'APA91bFY0ajqugd6W4sC8CakdMs6XlyzwIXKg1yNkfycmV3vQ98ajjX_DCgMAskDTlir1VjWsAkQpetGWEbJhmFB7plY7VeZ-BirwbUf1QBMePOyx2Qd47k-aSOKk7rPOgFPVX8fH72sFarOrv1zusI2VTcPg-2Sg1EZbY7Yb6h8uRuAjBrVtnA', 'Android', 'Yes', '', '', '', NULL, '', NULL, NULL, NULL, 'Inactive'),
(74, 3, '32DB79A5-4FF2-4F9A-888E-E5F79742574A', 'iPhone Simulator', '', '', 'IOS', 'Yes', '', '', '', NULL, '', NULL, NULL, NULL, 'Inactive'),
(75, 3, '89DBAE16-22B9-46C5-889B-6735AA0AD980', 'iPhone Simulator', '', '', 'IOS', 'Yes', '', '', '', NULL, '', NULL, NULL, NULL, 'Inactive'),
(76, 3, '353627050911273', 'GT-N7100', '', 'APA91bFYZIgNnCqxXIKEsnwDIUyZ1p9uoE68uS1kgD1YxYUKBRamseO-DVWdAx4rIVXhfTgW68XwrsdI0dBLv0kY2EBzYaoqPJ-iCNnD6EEWwQQoo5cCR74v71RlzenTMgINALiOPyG6kvGToAMLlh5FXzI7i2TavBZ5Z-K-x0dwbWZQkYNapKE', 'Android', 'Yes', '', '', '', NULL, '', NULL, NULL, NULL, 'Inactive'),
(77, 3, 'B73010B3-F87A-4252-B0A7-2BA271359CAC', 'iPhone Simulator', '', '', 'IOS', 'Yes', '', '', '', NULL, '', NULL, NULL, NULL, 'Inactive'),
(78, 3, 'B61EE379-3256-4A82-A483-96F38FE1F83C', 'iPhone Simulator', '', '', 'IOS', 'Yes', '', '', '', NULL, '', NULL, NULL, NULL, 'Inactive'),
(79, 3, 'FF939112-7CEE-465B-A331-FAEB14CEFBC3', 'iPhone Simulator', '', '', 'IOS', 'Yes', '', '', '', NULL, '', NULL, NULL, NULL, 'Inactive'),
(81, 3, 'A5B6D19B-C77B-4C5A-8559-54C3FF22C311', 'iPhone', '', '', 'IOS', 'Yes', '', '', '', NULL, '', NULL, NULL, NULL, 'Inactive'),
(82, 3, '79BF918A-13AE-40BC-A891-1F489C6B59AA', 'iPhone', '', '', 'IOS', 'Yes', '', '', '', NULL, '', NULL, NULL, NULL, 'Inactive'),
(83, 3, '0AD9B249-1E34-4588-916D-2F4F8CB8702E', 'iPhone Simulator', '', '', 'IOS', 'Yes', '', '', '', NULL, '', NULL, NULL, NULL, 'Inactive'),
(84, 3, 'FFE393D6-44B5-4881-8246-5EFAF24AC806', 'iPhone Simulator', '', '', 'IOS', 'Yes', '', '', '', NULL, '', NULL, NULL, NULL, 'Inactive'),
(86, 3, 'B7E3C9C1-734D-4431-AE4F-AA9046194F8D', 'iPhone Simulator', '', '', 'IOS', 'Yes', '', '', '', NULL, '', NULL, NULL, NULL, 'Inactive'),
(87, 3, '9D0C79DF-8850-412F-ADE8-2CAFFFDCE4A7', 'iPhone Simulator', '', '', 'IOS', 'Yes', '', '', '', NULL, '', NULL, NULL, NULL, 'Inactive'),
(88, 3, 'CA7AE580-8874-4F43-9DFD-E564931CE1CE', 'iPhone', '', '', 'IOS', 'Yes', '', '', '', NULL, '', NULL, NULL, NULL, 'Inactive'),
(103, 5, '012345678900', 'x10mini', '', 'sdf45f45sf5fasdf45a4df5as4df5asf5s1df54as5f15asf15a1df1as', 'Android', 'Yes', '', '', '', NULL, '', NULL, NULL, NULL, 'Inactive'),
(107, 4, 'b0cc399895d6b9e8', 'android', '', 'APA91bGrC1E8N_eWwx6w9GjmJdj-lSsGmWyKUU4-Ixh4dQV1If785L9u4ZrrrqVntrlVeBEJP2kHW9pXfPydeHW_Fz4MkQ6u_skO_7qX5b1Fgyateq1zTxKBlYEph2uxA7qus23QnqZ13GfcwKfdtWXap7yYuGb5xCRf6i3if2MAzajMI4QTpWY', 'Android', 'Yes', '', '', '', NULL, '', NULL, NULL, NULL, 'Inactive'),
(101, 4, '5050585ea6894cfe', 'android', '', 'APA91bFroA80bF2adcL6GR8GRqfaWSYAhdSt4oz69FLLF_7hWSb4SCH-P41gAfowo6hndSisQlJfWZfrXBAEhLzCPtZxjH5xDpFGB92pjY-enOK_R2p-TAlGkvOuh0LOpdYuzD58pj8wqal-sVMkm0YEF-FRtb456A', 'Android', 'Yes', '', '', '', NULL, '', NULL, NULL, NULL, 'Inactive'),
(104, 3, '682690BE-36F3-4F5D-8BEC-DF64F5B510F6', 'iPhone Simulator', '', '', 'IOS', 'Yes', '', '', '', NULL, '', NULL, NULL, NULL, 'Inactive'),
(105, 3, '357089050318361', 'GT-I8262', '', 'APA91bGTc5Y3yVGCr8gYCoq1pomZFZmNUWHErqCCHCzUT-iCZwXMUouWQTld1dDYAkgHd-7SSaJcgT-Rt6Y0rNnjl3S5p9FGKAcquf6-zOqp4nzpqeO64XEBpMR0S7yNAB5Gn1Xcqsx_jULUhpduDws8m8EpPKPZ5w', 'Android', 'Yes', '', '', '', NULL, '', NULL, NULL, NULL, 'Inactive'),
(109, 4, '6d5c6162f5c6c7e4', 'android', '', 'APA91bGbU7jKzsWwuYW0GGpPONZUytfDSUXZewhBkkvm1O_GBw9y2WJMI_4asXTQTZis7Dql7LhLA8T_87FEH7ACXMoPmAU_MeuaZ0ScZpSmKDNTWEU8KjuYd4wk-s73qiynBuhxY0pxjp3vSefoETxdy4LmO_QWHg', 'Android', 'Yes', '', '', '', NULL, '', NULL, NULL, NULL, 'Inactive'),
(110, 3, '36063B39-8988-4CC0-9523-5221D757D735', 'iPhone Simulator', '', '', 'IOS', 'Yes', '', '', '', NULL, '', NULL, NULL, NULL, 'Inactive'),
(111, 3, 'D715D549-E518-47BA-A8FB-0E808AFC7A83', 'iPhone Simulator', '', '', 'IOS', 'Yes', '', '', '', NULL, '', NULL, NULL, NULL, 'Inactive'),
(112, 4, '1f0dc06a97837ec8', 'android', '', 'APA91bFF8WV2tIZMnRHX3n9cd_f5G8kZ_W9l6FA7ypq7J64gKQfOQnwxYRv5cBipXaL2-S1pYDD-k0ZVhI4Ucauq3YN_hJCoa9uZR6_-LKf4YyOxBCgp7P9iWNv9Pd6PRVUkyKrROs9_Q8k9R_yAX_NArJs5WEJr5Y_C_qzubL6UPzhQwNsYFr8', 'Android', 'Yes', '', '', '', NULL, '', NULL, NULL, NULL, 'Inactive'),
(113, 4, 'd312dff05ed1529b', 'android', '', 'APA91bF7dNeEXD-0taGiOwAnI_Om26KqlLQhp60V2Ba7By1py3d5C8b3oKndDcMfFyyBXIcwhkIQiK5bu4No1kMVAc4_7x327dwe4f9UKWSY4KuRlK_qhVWjk_FZ5yny7_G5sncSRB8QL2pF-jG5x3Mj--h9ug3zFA', 'Android', 'Yes', '', '', '', NULL, '', NULL, NULL, NULL, 'Inactive'),
(114, 3, 'A0F065DE-EB30-4662-BFAD-3E7BA425D6B7', 'iPhone Simulator', '', '', 'IOS', 'Yes', '', '', '', NULL, '', NULL, NULL, NULL, 'Inactive'),
(115, 4, '2cf6cddf8c5f221a', 'android', '', 'APA91bER7jCu-dAe0oQQJqUCy01pDC74GG9OoWDE4szOmrFXN-1R2jXII1sN4V8UZFj4eaXp84hb17xqFg7mXKdz0LtjaIUQXUgiGZ8lLFyV5IZAbhTqPG0NjzqCZzhlzoGul3hm31thiy_hprtKNJSPphLB08Go5g', 'Android', 'Yes', '', '', '', NULL, '', NULL, NULL, NULL, 'Inactive'),
(196, 8, '52525252', 'Samsung Galaxy S4', '', 'G6HJK52BR54', 'Android', 'Yes', '', '', '', NULL, '', NULL, NULL, NULL, 'Inactive'),
(197, 8, '525252522', 'Samsung Galaxy S4', '', 'G6HJK52BR54', 'Android', 'Yes', '', '', '', NULL, '', NULL, NULL, NULL, 'Inactive'),
(198, 3, '357646054511364', 'SM-T211', '', 'APA91bEpfafornigoNUOaDP4FSmJM_WSEDDSwBCiouQskMWNvZywZ70uFWUUt8HqzYbzVTb90l1FdifAdZXBibn_qR19xhq7McLNoys6NohnR4XGIejpfSHfsdNR5_DFAr8x1zYBDt_ydiVlHvLJa8sCMgpDV1bUtwFQAeQXQHRRec20UEhArno', 'Android', 'Yes', '', '', '', NULL, '', NULL, NULL, NULL, 'Inactive'),
(123, 6, '358095053330450', 'C2305', '', 'APA91bFtYuS6oB_fiiTGRuzVyU5X0CVZ_pTiibpFGXvsOWiUKa-27JSAh694SHLRFPhtBMRmxC540r5LVPgjlgjbAQjNzLWA3xwwcgJPvEWU44jAqQm0XAmodgR1aen1gea8cHYbn46K1w89Cqz2ShGa6xqV8Yo41MnjUBZJmMYyK8O-pyMtCXw', 'Android', 'Yes', '', '', '', NULL, '', NULL, NULL, NULL, 'Inactive'),
(124, 6, '351540060354594', 'SM-N900', '', 'APA91bFTSqLMGJ6t-MOHlm4Vfnodk12pphZBXjLS-rj2LWImbv1dxVkMWW-WTXcDdWU215R3VPxFgktzz2_CfeuQC2dU0D06rHixpBFhSCFFyFcDutjNfeAneSS0Fjv6xS7YeVehzGSefsZ46uMQDIMRDTLZr76TvjGbHcjv0C-cbWXWYBkyk_8', 'Android', 'Yes', '', '', '', NULL, '', NULL, NULL, NULL, 'Inactive'),
(128, 6, '5883EE73-5E4A-4D6C-8ECC-7EE57D5B5277', 'iPhone Simulator', '', '', 'IOS', 'Yes', '', '', '', NULL, '', NULL, NULL, NULL, 'Inactive'),
(152, 6, '4C24FC61-9D82-4877-93A8-0BEAD276A55C', 'iPhone Simulator', '', '', 'IOS', 'Yes', '', '', '', NULL, '', NULL, NULL, NULL, 'Inactive'),
(129, 6, '2ECAA9EB-AEE0-4602-BE14-FDEAA32F88BD', 'iPhone Simulator', '', '', 'IOS', 'Yes', '', '', '', NULL, '', NULL, NULL, NULL, 'Inactive'),
(130, 6, '352116066367846', 'SM-G7102', '', 'APA91bHwZhzMIigzj5TQak7vx1GWzsxIVoWvU1a-gd7yWyz-it9z_j1cMPkWc0Yj1nLhQ11vDC1ovWLxFQhup8Xuv7Vk94Vtk71ql0dKpUWWwVQs6zGZUo693pCnADw8hgfgzm0VL9Iwr8lINiZAMcyGJnisjQiHWTY2ATlmtRl9-Xfq7LDdnNU', 'Android', 'Yes', '', '', '', NULL, '', NULL, NULL, NULL, 'Inactive'),
(190, 8, '357646054511364', 'SM-T211', '', 'APA91bGPuRhP8ntDnoxvmSCs9ASb3R97mlO37hd2pCOALhRvEQpvtjpaSqYhMtS8osywVTBwYYuutX8w6-noUmo_ebJCiH5WzK8cfAR-_tmSiiup3TSiCGThhM3UH8WDHTddErNEHghZHvjAd5vft6EvIGDzdB5jZipgscH_vJRuWy0H_jGSJIk', 'Android', 'Yes', '', '', '', NULL, '', NULL, NULL, NULL, 'Inactive'),
(132, 6, '4490F836-6EFB-41E2-A4EF-7B853404A319', 'Ariel Mizrahis iPhone', '', '3a6e8fe45e99e4db5f0d20c936407c32608a0cf2c106e3ff306c14ffb10d756d', 'IOS', 'Yes', '', '', '', NULL, '', NULL, NULL, NULL, 'Inactive'),
(133, 6, '85D08574-6B41-4165-9865-2736946EF931', 'iPad', '', '572d9d5f936da01df3283925252a1ef1aba6cdb0d04d2808aafa4a8fcac808df', 'IOS', 'Yes', '', '', '', NULL, '', NULL, NULL, NULL, 'Inactive'),
(134, 6, 'B4837EEC-4437-4EB9-A224-ED8BF0A08F7F', 'iPhone Simulator', '', '', 'IOS', 'Yes', '', '', '', NULL, '', NULL, NULL, NULL, 'Inactive'),
(135, 6, '969CBAB9-24DA-49F6-80DA-1F7BF49CD0AA', 'Ariel Mizrahis iPad', '', 'e9ac4f7b02badd1aca06a53031b2e9eb31e13ebf62477951bbb918027933b816', 'IOS', 'Yes', '', '', '', NULL, '', NULL, NULL, NULL, 'Inactive'),
(136, 6, '353323053450515', 'SGH-I747M', '', 'APA91bFcOaFMK0O2j0dpt_Y-q4xpBIL2VWIgoZpbDCgoNFPl1wObcMvl_XbQ4DlOJlGDLT-wngPBCffWmaCaAPF6tInkJGiI_uuL4i-Huci3vraL6hqv1ICLzmw-6T-FZEGdXNVnVga3N4aWaw_lcecnhYg0U5cVMcZS3sLeN2AGNM0fuzlQO4c', 'Android', 'Yes', '', '', '', NULL, '', NULL, NULL, NULL, 'Inactive'),
(137, 6, '359795043806928', 'SHV-E160S', '', 'APA91bG5O6788m7zaJhUWDHoH9m1ShaXwyZOqdRgCgcxIUyOQTATGfuP5nlAHhTW6UIMdpO3pK2ovY6u6ZWT2VipNd_clNlxYeS11EMGguxXnfNo48ta8V0OgpLXZqpMNvDsmlz6_jry46mF0bsSCtqQ0KrcmkfBXw', 'Android', 'Yes', '', '', '', NULL, '', NULL, NULL, NULL, 'Inactive'),
(138, 6, '51A04F31-64B4-4F25-88AD-3BCAC2D126DB', 'iPhone Simulator', '', '', 'IOS', 'Yes', '', '', '', NULL, '', NULL, NULL, NULL, 'Inactive'),
(139, 6, '865630022751919', 'HM 1SW', '', 'APA91bEJKMGzKD9WB-4_j_UdvpF_P3pDITn1yyX3y0Q8HAf2fgk-iv2VeV0knrcU3py7GklabwUYYWDehoZCh10vYmi4HTBrtwObpj2IoxJxC8Rf1pqkv0vjzC2cnyXwI0LvPEehNU_WPpmmhSUkrt_mKYGAxWby9jqOUD57CUxNIPtULj3qe24', 'Android', 'Yes', '', '', '', NULL, '', NULL, NULL, NULL, 'Inactive'),
(148, 6, '004483E9-8F38-4A97-9F8E-19D26D432FD0', 'Ariel Mizrahis iPhone', '', 'e9ed2c996067a58c313cd435f1549aa8adc9c81680728fa2615c01cc2a7f1cff', 'IOS', 'Yes', '', '', '', NULL, '', NULL, NULL, NULL, 'Inactive'),
(141, 6, '40CD22BD-81CB-4B56-9E7D-B48F1CC93284', 'iPhone Simulator', '', '', 'IOS', 'Yes', '', '', '', NULL, '', NULL, NULL, NULL, 'Inactive'),
(142, 6, '863336020421297', 'Lenovo S660', '', 'APA91bE_RLxZOJ_0xt7z8GPKblUaN5JLRYYzTZlkEA5PwLqNj9TcRT67byYxqVaO5z-EMoXJZCmBV3NtiUE2MaQWB39WiHBq5nUEHXuivfukvXJBFt24oCj5RuU4eQ-NcotHwKtmIkpSmkBI2msVnKFiKAwukgNYlLwbTInRIv8rHeTMyfw4sgo', 'Android', 'Yes', '', '', '', NULL, '', NULL, NULL, NULL, 'Inactive'),
(149, 6, '353111062178486', 'SM-G900M', '', 'APA91bEqrwqX8qc35m7g6O02fpA1FfmmgbyCtnm3z5THY5PpTMDZ_VxrGulK75Rd2DGo9H9--ITUdrm6V7NeMcGeQWEqa18xaya4SUt5qgMbKNrINRv-wsmGoAMKF1b59-A9aAyrnxIbKFlVBCLybi2GziWsxzqYzLew5VF_Aip_mILBrcQ-_tk', 'Android', 'Yes', '', '', '', NULL, '', NULL, NULL, NULL, 'Inactive'),
(150, 6, 'FD5AF777-38C1-42A0-A486-2E193E01D4C9', 'iPhone Simulator', '', '', 'IOS', 'Yes', '', '', '', NULL, '', NULL, NULL, NULL, 'Inactive'),
(151, 6, 'AE9D5F13-C86C-4E0F-8C2F-495F71B22469', 'iPhone Simulator', '', '', 'IOS', 'Yes', '', '', '', NULL, '', NULL, NULL, NULL, 'Inactive'),
(154, 6, '007', 'IPhone 4S', '', '10101AB', 'IOS', 'Yes', '', '', '', NULL, '', NULL, NULL, NULL, 'Inactive'),
(153, 6, '4FEFADF3-AC76-46F9-9A10-C741676ABF91', 'iPhone Simulator', '', '', 'IOS', 'Yes', '', '', '', NULL, '', NULL, NULL, NULL, 'Inactive'),
(155, 6, '123456', 'ios', '', '456456456', '', 'Yes', '', '', '', NULL, '', NULL, NULL, NULL, 'Inactive'),
(156, 6, '1F41EBB5-947E-4A95-ACC4-30CF09659738', 'iPhone Simulator', '', '', 'IOS', 'Yes', '', '', '', NULL, '', NULL, NULL, NULL, 'Inactive'),
(157, 6, '5359151E-7F11-4DD3-84AA-DFB19BD5299F', 'iPhone Simulator', '', '', 'IOS', 'Yes', '', '', '', NULL, '', NULL, NULL, NULL, 'Inactive'),
(191, 6, 'DD3A605C-878D-43A8-9ED2-B394540234BF', 'iPad Simulator', '', '', 'IOS', 'Yes', '', '', '', NULL, '', NULL, NULL, NULL, 'Inactive'),
(194, 8, '911319650308978', 'Q600', '', 'APA91bFA17QQWopk9CB7jEeD_T6cOXSnFXZDzaioxTxNvKZaXL6FvpuFG_5AbrD9FDaaLS6mETUzH5M0EEzoNR9WLqotjk2d6NhzMj86mXUeNTWyLb3IuCPunywwLFFGDvoqaTzkq-u8ftTlFAHLE8cmgAjSNUE7eR0peSH_sgaWspg1PNEt744', 'Android', 'Yes', '', '', '', NULL, '', NULL, NULL, NULL, 'Inactive'),
(159, 3, '69BBCD7C-0778-42FA-A1E8-5E118CF8B6EC', 'iPhone Simulator', '', '', 'IOS', 'Yes', '', '', '', NULL, '', NULL, NULL, NULL, 'Inactive'),
(160, 3, 'D3715F79-CD7F-40C8-AED0-724F0E5463FB', 'iPhone Simulator', '', '', 'IOS', 'Yes', '', '', '', NULL, '', NULL, NULL, NULL, 'Inactive'),
(161, 3, 'E6B008CE-A805-4B87-8197-421222DE7915', 'iPhone Simulator', '', '', 'IOS', 'Yes', '', '', '', NULL, '', NULL, NULL, NULL, 'Inactive'),
(162, 3, '5163EB8F-117D-4AEF-ACEA-867A6144A147', 'TechiesTowns iPhone', '', '', 'IOS', 'Yes', '', '', '', NULL, '', NULL, NULL, NULL, 'Inactive'),
(163, 3, '54E98A15-5A2C-42C0-9A38-9505F1F3DC31', 'iPad', '', '', 'IOS', 'Yes', '', '', '', NULL, '', NULL, NULL, NULL, 'Inactive'),
(164, 6, 'CBD8BADE-74F6-48B3-87E8-DD89C2C9150E', 'iPhone Simulator', '', '', 'IOS', 'Yes', '', '', '', NULL, '', NULL, NULL, NULL, 'Inactive'),
(165, 3, '355136055052826', 'Nexus 4', '', 'APA91bE9v_RCxyBJeSjL-uF7_Vb7QSiXd2qMz-k2ap8wj3Rkgsi04dCyVDgSfbAPpOn4VosL-1FatYSAACRlzAzbZyRDx1aiFKV5XBgPQLJCr666pgptV8YcmtrENHk6gVzECZvuwBvBObEmHlpTF7pyZA_qS9neLA', 'Android', 'Yes', '', '', '', NULL, '', NULL, NULL, NULL, 'Inactive'),
(166, 6, '351540060354594', 'SM-N900', '', 'APA91bFTSqLMGJ6t-MOHlm4Vfnodk12pphZBXjLS-rj2LWImbv1dxVkMWW-WTXcDdWU215R3VPxFgktzz2_CfeuQC2dU0D06rHixpBFhSCFFyFcDutjNfeAneSS0Fjv6xS7YeVehzGSefsZ46uMQDIMRDTLZr76TvjGbHcjv0C-cbWXWYBkyk_8', 'Android', 'Yes', '', '', '', NULL, '', NULL, NULL, NULL, 'Inactive'),
(167, 3, '7DF2FC2D-EE62-400F-A9E0-A56AB4491277', 'iPhone Simulator', '', '', 'IOS', 'Yes', '', '', '', NULL, '', NULL, NULL, NULL, 'Inactive'),
(168, 4, '27717f8083c8a5ce', 'android', '', 'APA91bHbDAemQb5MSgR5v9NpIZNxWc2wdAjTy8_JGpdMWCIyeGPA59qw74-Wru0HA0OVGloJ3rl2ATkUCCvmUrW_PrYghDx0P31rNERaaa6gk2Y_MBuedQdiHQx_-fTwVxIDisUS9lMfFF8ZF4BriemyFGNEOtS2Lecub47ou5mU0y1aAuA_Izo', 'Android', 'Yes', '', '', '', NULL, '', NULL, NULL, NULL, 'Inactive'),
(169, 3, '26FDB715-9D61-45CC-A2EF-C565F9621621', 'iPhone Simulator', '', '', 'IOS', 'Yes', '', '', '', NULL, '', NULL, NULL, NULL, 'Inactive'),
(170, 3, 'BD157ED6-80BD-41B9-9F77-D10F35F71C45', 'iPhone', '', '', 'IOS', 'Yes', '', '', '', NULL, '', NULL, NULL, NULL, 'Inactive'),
(171, 4, 'af17fbb6bd985110', 'android', '', 'APA91bFqP-G6ucctjKf6v-MF-7p_v1e4nw8uOQNEexopM4spQga3HeM9qE5Zhl1DtiH0RXoa2FmJj8rMf8ooKuPW85YT76xOqCWtW38wfnUoYa25HTL_BTXfm-vZs--7eHds1uSNA_M3u8aX1RlEgWGQrzxjyw4tsA', 'Android', 'Yes', '', '', '', NULL, '', NULL, NULL, NULL, 'Inactive'),
(172, 3, '1CB19116-3BE7-4255-8485-6D39BEAA0C1C', 'iPhone', '', '', 'IOS', 'Yes', '', '', '', NULL, '', NULL, NULL, NULL, 'Inactive'),
(199, 8, '99858585858585', 'Samsung Galaxy S4', '', 'AEWHJH5N7GGGGG', 'Android', 'Yes', '', '', '', NULL, '', NULL, NULL, NULL, 'Inactive'),
(174, 4, '5cbb36276338193c', 'android', '', 'APA91bGb12FIg487Rij_z1hCB-SfKzI31Znb4M9Jgv1CZfigkHaL2XJooDxQQG3uyn_k1PXF5YN8ioLKzEGUGci2wEdqEx-8m25UxylqE-jaeDNCQR4ppx8f7i8HYagZYzHd83IOcHIZYh1fpeTqIX6HVYUKzuC7lQ', 'Android', 'Yes', '', '', '', NULL, '', NULL, NULL, NULL, 'Inactive'),
(175, 4, 'eceb7f59fc9da20a', 'android', '', 'APA91bG5uKBhEOr8_0oxbZA9xamqNWdx26BpiLGdlhmB8Sc49JpXKgD4tWAKzu3Fjht2n25vPYOoBmTFvDtOBHP_rOJsPxr0XgNaxjaSYekR8l1438ECqcotf5fugQkk_tueWNHcQxrVutN12zpPc0tW1XmSRuA9fA', 'Android', 'Yes', '', '', '', NULL, '', NULL, NULL, NULL, 'Inactive'),
(176, 4, 'b7749b3883b502b7', 'android', '', 'APA91bElCNv7uKb6Phf9Ucf_ncP1btb6bs-S-BislHHulhKMWMJxgqmU77Ki9N7X9z0SQt5SKzlyKJPjAQuHsK8KYw5aWp4ga6LrOQbSaTfe4gsqPQsLiAOTgyZ3zaF9T0nyboaI1WlcjcyGIbp_igR1xdSzbTZzyJFTxFqi74KgwxH0VjhqQto', 'Android', 'Yes', '', '', '', NULL, '', NULL, NULL, NULL, 'Inactive'),
(177, 6, '865846023504517', 'ZTE Blade L2', '', 'APA91bEa2_jAi38b_T5CecsqGVTAPDIAf3Cj3wVPSRFN8ADyPCM_YycXfmxSwI4DyW9Se0eQYNR8PRcyaZbjXq6f2ahuPaX81LtRCP6iB1iJIQIGc9nW5XiT9h9pnOxb_oApaTHj1MWMVy3hP-M2zKpt0hrgwJgl0yN1DZX3EYO-jXuLwHlKW7Y', 'Android', 'Yes', '', '', '', NULL, '', NULL, NULL, NULL, 'Inactive'),
(179, 6, '092024478803378', 'SAMSUNG-SM-N900A', '', 'APA91bHaOWEZUSWuofqMmDCbW3YmjqWHQ-rPznuIkN2JQ-Yx5hamnWrzk9JDV1m5VikIlxUmUDVR8A8VlFrdpwwatyJ4R25GJtVRJQUR2bca9_yvJAW-smw2SX5lPTIQDpEMccdmqPcvcSJXcZ5CpdzOvkTyNix9KWgXqgTEtIMEWd_55qgOhpA', 'Android', 'Yes', '', '', '', NULL, '', NULL, NULL, NULL, 'Inactive'),
(180, 6, '356216050652561', 'SAMSUNG-SGH-I317', '', 'APA91bGy7kH6BanGTkUwEAtNLbIWdvAXoXddwC0rsZYCp0rjKsGc0t-NLQyYLpXkoXOaeLD3lwhagpZsehwipdGVSiUBw0j6mTyhdLah_ITCl57Lrd3aW-i4a090WhMGEfAdRN0ROoFpUwG3GIwBy3j-TQvxhbzw3l6AFgx6by768HceC-c6zgA', 'Android', 'Yes', '', '', '', NULL, '', NULL, NULL, NULL, 'Inactive'),
(181, 6, '356150059557689', 'GT-I9082', '', 'APA91bHNv-zcY42hCV8yfFU73datCRTZbIvHpS1XPdgWtTM1cyWvKyXGhZDASl3kfKDYw_Hd4qke82h8xohrzXk5hzbKitosougbnYRNvWtitKJhi878D7RQHBZGlfiLuAkqu3qj5vH28bXn7W6O9fdquoH4FHJzsRH_5KpBslt1Viw2ymZhfv8', 'Android', 'Yes', '', '', '', NULL, '', NULL, NULL, NULL, 'Inactive'),
(182, 6, '13F77FBC-D0A0-47AA-A159-F33AEEA2BE53', 'iPhone Simulator', '', '', 'IOS', 'Yes', '', '', '', NULL, '', NULL, NULL, NULL, 'Inactive'),
(183, 6, 'F503A29E-E3F1-4B4B-8528-0243DFD3817D', 'iPad', '', '33a7982d160e4059d4f9bd8aa2a24f9cfe6bf42f4698e77bbfd0aff57a7e4f73', 'IOS', 'Yes', '', '', '', NULL, '', NULL, NULL, NULL, 'Inactive'),
(184, 6, 'AFDD6BD1-7421-4618-BD6A-61174B341A3B', 'iPad', '', '33a7982d160e4059d4f9bd8aa2a24f9cfe6bf42f4698e77bbfd0aff57a7e4f73', 'IOS', 'Yes', '', '', '', NULL, '', NULL, NULL, NULL, 'Inactive'),
(185, 6, '7F678B54-E1DE-4637-BAA2-E17971000E1F', 'iPhone Simulator', '', '', 'IOS', 'Yes', '', '', '', NULL, '', NULL, NULL, NULL, 'Inactive'),
(186, 4, '10316bd5d9814b87', 'android', '', 'APA91bEejQJuZF-hGJB9_PBPpYhfj5GoOIToDZ0zwb0GTyIueU6WbL6sAG9UewgmQ2WMVfqgzeAxu7sZSRWwM5e2or_CwItge1O36jF8yhRp4SOZtnRzKZ6VKrazfppoWzM-krkM0yF00fiKUiOTVm0IE_gO5y-iNO2EvcYVOtURUvKGEoEfOTY', 'Android', 'Yes', '', '', '', NULL, '', NULL, NULL, NULL, 'Inactive'),
(188, 6, '015552EA-B5B0-4EF5-982E-4AB57117C22E', 'iPad', '', '', 'IOS', 'Yes', '', '', '', NULL, '', NULL, NULL, NULL, 'Inactive'),
(206, 6, 'dea8126a98669c68', 'Nexus 9', '', 'APA91bGgrhCHQ1EPGNGnVU1yb5MYM6inV0kn54z9W3cPZlg4U1McFAx-EgHY40zOOh5BoYbkRq8lcTaoFsznyxV_bcoQmR-pSK1aUursR6y6RBc5j1OGBuMHbIOW56PgWMVvgwxwiRv56UrnkaV1wNlvyY2zWxK28A', 'Android', 'Yes', '', '', '', NULL, '', NULL, NULL, NULL, 'Inactive'),
(201, 6, '2d6ac265-7830-42a1-88a8-63c5d3dd4bc8', 'C2305', '', 'APA91bHoJr_Jgg6UF1KhyTK4Xk7tJzJ_Ym8gSBiGEM7c7-s3HtIbckKEyjOOgz-UKFyFxJUxhI2lFpk3ZpXJkW_l9Nok18CrDHKz00kq5TYPSHSAzn1qPZGNNZI_mtA19LBj6y4ntxE4yiWT34gSNquGJVNLB4DDu6p8OJ3SbhWoHKvwqIHXDpU', 'Android', 'Yes', '', '', '', NULL, '', NULL, NULL, NULL, 'Inactive'),
(204, 6, '99bc68bf-cfe2-458b-ac75-bb3f27b876f1', 'ZTE Blade L2', '', 'APA91bEN5iDcjQTkShGga5ebIgQfEaDSifJWBOcIv2FnKJBgQ3YJYPIQuWV-DiUckPolA1_BsGC-OpgYk2GWhEBjpWvSYU77x90qTSO_j7qf0TR28-M3WpKb_8fKpl56A1TDfwMy2lrbj1PSfO1p1aRVM2FN0PoTSJMeFaDdAG14C5cD_OqJkoA', 'Android', 'Yes', '', '', '', NULL, '', NULL, NULL, NULL, 'Inactive'),
(205, 6, '5182ce14-7475-4dae-ab73-38ae16f09dee', 'ZTE Blade L2', '', 'APA91bEN5iDcjQTkShGga5ebIgQfEaDSifJWBOcIv2FnKJBgQ3YJYPIQuWV-DiUckPolA1_BsGC-OpgYk2GWhEBjpWvSYU77x90qTSO_j7qf0TR28-M3WpKb_8fKpl56A1TDfwMy2lrbj1PSfO1p1aRVM2FN0PoTSJMeFaDdAG14C5cD_OqJkoA', 'Android', 'Yes', '', '', '', NULL, '', NULL, NULL, NULL, 'Inactive'),
(207, 8, 'dea8126a98669c68', 'Nexus 9', '', 'APA91bE5KPdknpKah5kC5HT2qjRZDvK8_wMlNYzHyralwK7DY12Xf-5FGoL0FbVl6wT-YBYhficWCi3BH7CP7cRfm2DJuw8isvjf6M544Qh_cwsr3LjG0nd9iVi_Dfkrk_t3dbtdLEKBQXkHSU6uhJUowtOiN53q0yLYt1bcRAFnsnSX5LUWRbw', 'Android', 'Yes', '', '', '', NULL, '', NULL, NULL, NULL, 'Inactive'),
(208, 6, '8696c81c-1d26-4850-ba24-c2ce7c227175', 'Nexus 7', '', 'APA91bGX-RYQCnDsYceuvxw-j1H-67DGOL2Y9jv7c65r34V1lINuwG1sseL52NrXe4QwolwuPnOrNTC47fCYxYd9PQKUBHedB6Qszyjw3fNvSCJmGsE3EQ_b45cCkdehA-UoIkKier8w-CoyB2OlPpbt2jdSNj63FhctHVGYkvaytrCcrZTFrjM', 'Android', 'Yes', '', '', '', NULL, '', NULL, NULL, NULL, 'Inactive');

--
-- Triggers `user`
--
DROP TRIGGER IF EXISTS `after_user_delete`;
DELIMITER //
CREATE TRIGGER `after_user_delete` AFTER DELETE ON `user`
 FOR EACH ROW begin
delete from user_tags where iUserId = old.iUserId;
end
//
DELIMITER ;

/*!40101 SET CHARACTER_SET_CLIENT=@OLD_CHARACTER_SET_CLIENT */;
/*!40101 SET CHARACTER_SET_RESULTS=@OLD_CHARACTER_SET_RESULTS */;
/*!40101 SET COLLATION_CONNECTION=@OLD_COLLATION_CONNECTION */;
